"ean","name","brand","pack_size","category","image_url","source"
"00000383","No chicken kiyvs","Sainsburys","250 g","Meat alternatives, Meat analogues, Breaded products, Chicken kievs substitutes","https://images.openfoodfacts.org/images/products/invalid/front_en.21.400.jpg","openfoodfacts:uk"
"00000468","Cœurs de filet de lieu noir","Bofrost","","Lieu noir","https://images.openfoodfacts.org/images/products/invalid/front_en.3.400.jpg","openfoodfacts:uk"
"00000758","Cauliflower","Sainsbury's,by sainsbury's","1","Plant-based foods and beverages, Plant-based foods, Fruits and vegetables based foods, Vegetables based foods, Fresh foods, Fresh plant-based foods, Leaf vegetables, Fresh vegetables, Cauliflowers","https://images.openfoodfacts.org/images/products/invalid/front_en.9.400.jpg","openfoodfacts:uk"
"00000994","freeze dried dragon fruit slices","honeyberry international","50 g","Fruits,freeze dried fruits","https://images.openfoodfacts.org/images/products/invalid/front_en.3.400.jpg","openfoodfacts:uk"
"0000101000831","","","","Bread","","openfoodfacts:uk"
"0000101109350","","","","","https://images.openfoodfacts.org/images/products/000/010/110/9350/front_en.3.400.jpg","openfoodfacts:uk"
"0000101156170","White Flute","","","Plant-based foods and beverages, Plant-based foods, Cereals and potatoes, Bakery products","https://images.openfoodfacts.org/images/products/000/010/115/6170/front_en.3.400.jpg","openfoodfacts:uk"
"0000107797209","Fajita Chicken with Brown Rice & Cajun Veg","Fuel Hub","","","","openfoodfacts:uk"
"0000110245292","","","","","https://images.openfoodfacts.org/images/products/000/011/024/5292/front_en.3.400.jpg","openfoodfacts:uk"
"0000111855247","Honey And Chilli Beef With Egg Noodles & Greens","FuelHub","","","https://images.openfoodfacts.org/images/products/000/011/185/5247/front_en.3.400.jpg","openfoodfacts:uk"
"00001151","&quot;Baguette Lyonnais&quot;","","","","https://images.openfoodfacts.org/images/products/000/000/000/1151/front_fr.4.400.jpg","openfoodfacts:uk"
"0000121055774","Firecracker Chicken Noodles & Crunchy Veg","Fuel Hub","","","https://images.openfoodfacts.org/images/products/000/012/105/5774/front_en.3.400.jpg","openfoodfacts:uk"
"00001212","","","","","https://images.openfoodfacts.org/images/products/000/000/000/1212/front_en.5.400.jpg","openfoodfacts:uk"
"0000123589727","Chicken Stock Cube","Maizona","","","","openfoodfacts:uk"
"00001236","Milk","Maggi","","","https://images.openfoodfacts.org/images/products/000/000/000/1236/front_en.18.400.jpg","openfoodfacts:uk"
"0000124804126","","","","baby rice cake","https://images.openfoodfacts.org/images/products/000/012/480/4126/front_en.3.400.jpg","openfoodfacts:uk"
"0000126634110","","","","","https://images.openfoodfacts.org/images/products/000/012/663/4110/front_en.3.400.jpg","openfoodfacts:uk"
"0000130480055","Spirulina Powder","Naturya","100 g","","https://images.openfoodfacts.org/images/products/000/013/048/0055/front_en.3.400.jpg","openfoodfacts:uk"
"0000131327786","Lime Cordial","Sainsbury's","1l","Lime Cordial","https://images.openfoodfacts.org/images/products/000/013/132/7786/front_en.3.400.jpg","openfoodfacts:uk"
"00001373","Spring onion","Sainsbury's","6","Plant-based foods and beverages, Plant-based foods, Condiments, Fruits and vegetables based foods, Culinary plants, Vegetables based foods, Aromatic plants, Fresh foods, Aromatic-herbs, Fresh plant-based foods, Onions and their products, Fresh vegetables, Groceries","https://images.openfoodfacts.org/images/products/000/000/000/1373/front_en.17.400.jpg","openfoodfacts:uk"
"0000138009470","","","","","","openfoodfacts:uk"
"0000139810259","","","","","","openfoodfacts:uk"
"0000141328773","","","","Fries","https://images.openfoodfacts.org/images/products/000/014/132/8773/front_en.3.400.jpg","openfoodfacts:uk"
"0000142516599","Peri Thighs with Spicy Cauliflower Rice, Chili Minted Peas & Peri Dip","FuelHub","","","","openfoodfacts:uk"
"00001458","Aero desert","","","","https://images.openfoodfacts.org/images/products/000/000/000/1458/front_en.3.400.jpg","openfoodfacts:uk"
"0000150484118","Honduran king prawns M&S","","","Cooked Prawns","https://images.openfoodfacts.org/images/products/000/015/048/4118/front_en.14.400.jpg","openfoodfacts:uk"
"0000153294967","Sweet & Sour Chicken With Jasmine Rice, Roasted Veg & Pineapple","Fuelhub","","","","openfoodfacts:uk"
"0000153336483","Smokey Chicken With Wholegrain Rice & Quinoa, Roasted Veg, Balsamic Lemon Dressi","Fuelhub","","","","openfoodfacts:uk"
"0000167324292","Coarse Sea Salt","the Spice emporium","380g","","https://images.openfoodfacts.org/images/products/000/016/732/4292/front_en.3.400.jpg","openfoodfacts:uk"
"0000195212035","Oat No Sugars","Alpro","1 L","en:oat-based-drinks","https://images.openfoodfacts.org/images/products/000/019/521/2035/front_en.3.400.jpg","openfoodfacts:uk"
"00001953","maca root extract","superself","180 capsules= 110g","en:Dietary supplements, en:Vitamins","https://images.openfoodfacts.org/images/products/000/000/000/1953/front_sk.20.400.jpg","openfoodfacts:uk"
"0000199645617","","","","","https://images.openfoodfacts.org/images/products/000/019/964/5617/front_en.3.400.jpg","openfoodfacts:uk"
"0000200000282","WALKERS","","","","https://images.openfoodfacts.org/images/products/000/020/000/0282/front_en.15.400.jpg","openfoodfacts:uk"
"0000200010496","Masala Chicken","Walkers","25g","Crisps","https://images.openfoodfacts.org/images/products/000/020/001/0496/front_en.4.400.jpg","openfoodfacts:uk"
"0000206760845","","","","Pasta sauces","https://images.openfoodfacts.org/images/products/000/020/676/0845/front_en.3.400.jpg","openfoodfacts:uk"
"0000210791743","Karamel Sutra Ice Cream","Ben & Jerry's","","","","openfoodfacts:uk"
"0000227883417","Sweet Mango Chutney","Sainsbury's","240g","Mango Chutney","https://images.openfoodfacts.org/images/products/000/022/788/3417/front_en.3.400.jpg","openfoodfacts:uk"
"0000237055248","","","","Plant-based foods and beverages, Plant-based foods, Fruits and vegetables based foods, Fruits based foods, Dried products, Dried plant-based foods, Dried fruits, Dried prunes","https://images.openfoodfacts.org/images/products/000/023/705/5248/front_en.3.400.jpg","openfoodfacts:uk"
"00002523","Peach","Sainsbury's","","","https://images.openfoodfacts.org/images/products/000/000/000/2523/front_en.15.400.jpg","openfoodfacts:uk"
"00002639","Dictator","Dictator","","","https://images.openfoodfacts.org/images/products/000/000/000/2639/front_fr.3.400.jpg","openfoodfacts:uk"
"0000273300074","","","","orange juice","https://images.openfoodfacts.org/images/products/000/027/330/0074/front_en.3.400.jpg","openfoodfacts:uk"
"0000290262751","","","","","https://images.openfoodfacts.org/images/products/000/029/026/2751/front_en.5.400.jpg","openfoodfacts:uk"
"00002929","Flat Leaf Parsley","Cook with M&S,Marks & Spencer","25 g","Plant-based foods and beverages, Plant-based foods, Condiments, Culinary plants, Aromatic plants, Fresh foods, Aromatic-herbs, Fresh plant-based foods, Fresh aromatic plants, Parsley, Fresh parsley, Groceries","https://images.openfoodfacts.org/images/products/000/000/000/2929/front_en.4.400.jpg","openfoodfacts:uk"
"0000300000335","","","","Baby foods","https://images.openfoodfacts.org/images/products/000/030/000/0335/front_en.3.400.jpg","openfoodfacts:uk"
"0000303456030","","","","","https://images.openfoodfacts.org/images/products/000/030/345/6030/front_en.3.400.jpg","openfoodfacts:uk"
"0000304800023","","","","","https://images.openfoodfacts.org/images/products/000/030/480/0023/front_en.3.400.jpg","openfoodfacts:uk"
"00003063","Chicken kievs","Marks And Spencer,Marks & Spencer","320 g","Meats and their products, Chicken and its products, Meat preparations, Breaded products, Chicken preparations, Chicken kievs","https://images.openfoodfacts.org/images/products/000/000/000/3063/front_en.3.400.jpg","openfoodfacts:uk"
"0000309321479","The ORIGINAL Tropicana SINCE 1947 MULTIVITAMIN FOR","","","","","openfoodfacts:uk"
"0000313606043","","","","Snacks,Popcorn","https://images.openfoodfacts.org/images/products/000/031/360/6043/front_en.4.400.jpg","openfoodfacts:uk"
"0000320405004","","","","","https://images.openfoodfacts.org/images/products/000/032/040/5004/front_en.3.400.jpg","openfoodfacts:uk"
"0000330000220","","","","","https://images.openfoodfacts.org/images/products/000/033/000/0220/front_en.3.400.jpg","openfoodfacts:uk"
"0000330506128","","","","Dairies, Fermented foods, Desserts, Fermented milk products, Dairy desserts, Fermented dairy desserts, Yogurts","https://images.openfoodfacts.org/images/products/000/033/050/6128/front_en.3.400.jpg","openfoodfacts:uk"
"0000330765037","","","","","https://images.openfoodfacts.org/images/products/000/033/076/5037/front_en.3.400.jpg","openfoodfacts:uk"
"0000339696042","House Blend ground coffee","Sainsbury's","227g","","https://images.openfoodfacts.org/images/products/000/033/969/6042/front_en.3.400.jpg","openfoodfacts:uk"
"0000349600275","MEAL FRIDGE A DEAL RAIDERS® flow ROASTED CHICKEN B","","","","","openfoodfacts:uk"
"0000350034007","Italian tomato puree","Sainsbury's","200g","Plant-based foods and beverages, Plant-based foods, Fruits and vegetables based foods, Condiments, Vegetables based foods, Sauces, Tomatoes and their products, Tomato sauces, Tomato purées, en:tomatoes","https://images.openfoodfacts.org/images/products/000/035/003/4007/front_en.3.400.jpg","openfoodfacts:uk"
"0000350910479","","","","","https://images.openfoodfacts.org/images/products/000/035/091/0479/front_en.3.400.jpg","openfoodfacts:uk"
"00003513","","Marks & Spencer","250 g","steak pie","https://images.openfoodfacts.org/images/products/000/000/000/3513/front_en.3.400.jpg","openfoodfacts:uk"
"0000354602370","HOT SALSA Doritos HOT SALSA","","","","","openfoodfacts:uk"
"0000360034004","","","","immune system boosters","https://images.openfoodfacts.org/images/products/000/036/003/4004/front_en.3.400.jpg","openfoodfacts:uk"
"0000360430080","VFC Crispy Chicken Fillet","Sainsbury's","","","","openfoodfacts:uk"
"0000361040950","Soft Cheese","Stamford Street Co.","","","https://images.openfoodfacts.org/images/products/000/036/104/0950/front_en.3.400.jpg","openfoodfacts:uk"
"0000370000754","Extra Thick Tzatziki","Sainsbury's","","","","openfoodfacts:uk"
"0000376568135","","","","","https://images.openfoodfacts.org/images/products/000/037/656/8135/front_en.3.400.jpg","openfoodfacts:uk"
"0000386248676","herbal tablets","kids kandy co.","","Candies","https://images.openfoodfacts.org/images/products/000/038/624/8676/front_en.3.400.jpg","openfoodfacts:uk"
"0000393143315","","","","","https://images.openfoodfacts.org/images/products/000/039/314/3315/front_en.3.400.jpg","openfoodfacts:uk"
"0000398644312","","","750 ml","","","openfoodfacts:uk"
"0000400374503","","","210 g","Plant-based foods and beverages, Plant-based foods, Fruits and vegetables based foods, Spreads, Fruits based foods, Plant-based spreads, Fruit chutneys","https://images.openfoodfacts.org/images/products/000/040/037/4503/front_en.3.400.jpg","openfoodfacts:uk"
"0000404663122","Crispy Pumpkin Fritters","Itsu","","","https://images.openfoodfacts.org/images/products/000/040/466/3122/front_en.3.400.jpg","openfoodfacts:uk"
"0000404687708","","","150 g","","https://images.openfoodfacts.org/images/products/000/040/468/7708/front_en.3.400.jpg","openfoodfacts:uk"
"0000405008069","","","","","https://images.openfoodfacts.org/images/products/000/040/500/8069/front_en.3.400.jpg","openfoodfacts:uk"
"0000421015003","Pawn crackers","","","","","openfoodfacts:uk"
"0000432983483","","","","Condiments,gravy","https://images.openfoodfacts.org/images/products/000/043/298/3483/front_en.3.400.jpg","openfoodfacts:uk"
"0000440578756","","","90g","samphire","https://images.openfoodfacts.org/images/products/000/044/057/8756/front_en.7.400.jpg","openfoodfacts:uk"
"0000441484391","","","","Pasta salads","https://images.openfoodfacts.org/images/products/000/044/148/4391/front_en.5.400.jpg","openfoodfacts:uk"
"00004435","White Flute","Waitrose","","baguette,bread","https://images.openfoodfacts.org/images/products/000/000/000/4435/front_en.5.400.jpg","openfoodfacts:uk"
"0000444128636","","","","","https://images.openfoodfacts.org/images/products/000/044/412/8636/front_en.3.400.jpg","openfoodfacts:uk"
"0000446416663","","","","","","openfoodfacts:uk"
"00004473","Corn Thins","Sainsbury's","","","https://images.openfoodfacts.org/images/products/000/000/000/4473/front_en.3.400.jpg","openfoodfacts:uk"
"00004480","smelties","bonfood","50g","Aliments pour bébé","https://images.openfoodfacts.org/images/products/000/000/000/4480/front_fr.4.400.jpg","openfoodfacts:uk"
"0000452275575","","","","","https://images.openfoodfacts.org/images/products/000/045/227/5575/front_en.3.400.jpg","openfoodfacts:uk"
"0000452803570","","","300 g","Tortellini ricotta & spinach","https://images.openfoodfacts.org/images/products/000/045/280/3570/front_en.3.400.jpg","openfoodfacts:uk"
"00004565","BAGUET BREAD THAT HITS FLUTE ALL THE RIGHT NOTE WA","Waitrose","","en:sandwiches","https://images.openfoodfacts.org/images/products/000/000/000/4565/front_en.35.400.jpg","openfoodfacts:uk"
"0000460045276","","","","A","https://images.openfoodfacts.org/images/products/000/046/004/5276/front_en.3.400.jpg","openfoodfacts:uk"
"00004640","Rotisserie Chicken","M&S","","","","openfoodfacts:uk"
"0000467400009","Slow Cooked Turkey Joint with bacon and sruffing","Sainsbury's","1.34kg","Turkey breasts","https://images.openfoodfacts.org/images/products/000/046/740/0009/front_en.4.400.jpg","openfoodfacts:uk"
"0000487232321","","","","","https://images.openfoodfacts.org/images/products/000/048/723/2321/front_en.3.400.jpg","openfoodfacts:uk"
"0000492516331","","","","cold meat","https://images.openfoodfacts.org/images/products/000/049/251/6331/front_en.3.400.jpg","openfoodfacts:uk"
"0000493141402","Whole 3.7% Fat Milk","Sainsbury's","","","https://images.openfoodfacts.org/images/products/000/049/314/1402/front_en.3.400.jpg","openfoodfacts:uk"
"0000495900311","","","","","https://images.openfoodfacts.org/images/products/000/049/590/0311/front_en.6.400.jpg","openfoodfacts:uk"
"0000500043835","","","","wrap","https://images.openfoodfacts.org/images/products/000/050/004/3835/front_en.3.400.jpg","openfoodfacts:uk"
"0000500096862","tassimo costa latte","","","Plant-based foods and beverages, Beverages, Plant-based foods, Hot beverages, Coffees, Capsules, Coffee capsules","","openfoodfacts:uk"
"0000500497850","","","","","https://images.openfoodfacts.org/images/products/000/050/049/7850/front_en.3.400.jpg","openfoodfacts:uk"
"0000504104402","Curly kale Sainsburys","Sainsburys","200 g","","https://images.openfoodfacts.org/images/products/000/050/410/4402/front_en.3.400.jpg","openfoodfacts:uk"
"00005128","Fromage au lait entier Poivre","","250 g","","https://images.openfoodfacts.org/images/products/000/000/000/5128/front_fr.12.400.jpg","openfoodfacts:uk"
"0000514808512","","","64 g","","https://images.openfoodfacts.org/images/products/000/051/480/8512/front_en.3.400.jpg","openfoodfacts:uk"
"0000525357511","3 for £10 Буди Morrisons MARKET STREET SPACE TO RO","","","","","openfoodfacts:uk"
"0000530280811","Crunchy Peanut Butter","Manilife","","","","openfoodfacts:uk"
"0000539965757","","","","","","openfoodfacts:uk"
"0000545630335","","","","Eggs","https://images.openfoodfacts.org/images/products/000/054/563/0335/front_en.3.400.jpg","openfoodfacts:uk"
"0000555783250","","","","Dark chocolate bar","https://images.openfoodfacts.org/images/products/000/055/578/3250/front_en.3.400.jpg","openfoodfacts:uk"
"0000559386860","","","","","https://images.openfoodfacts.org/images/products/000/055/938/6860/front_en.3.400.jpg","openfoodfacts:uk"
"0000560044445","","Aldi","","bread rolls","https://images.openfoodfacts.org/images/products/000/056/004/4445/front_en.18.400.jpg","openfoodfacts:uk"
"00005630","Cucumber","Waitrose","","","","openfoodfacts:uk"
"0000587366513","Sweetened sunflower seeds","Cha Cheer","108g","Plant-based foods and beverages,Plant-based foods,Seeds,Sunflower seeds and their products,Sunflower seeds,Chacheer-brand,Coated-seeds,Sweet-seed-snack,Sunflower seed - preserved tangerine peel with sugars and sweeteners","https://images.openfoodfacts.org/images/products/000/058/736/6513/front_en.3.400.jpg","openfoodfacts:uk"
"00005906","","","","Seafood, Crustaceans, Shrimps, Prawns","","openfoodfacts:uk"
"0000595416477","Salami Bites","The Mad Butcher","","","","openfoodfacts:uk"
"00006118","","Marks & Spencer","","Duck Wrap","https://images.openfoodfacts.org/images/products/000/000/000/6118/front_en.5.400.jpg","openfoodfacts:uk"
"0000644000770","pineapple and passion fruit smoothie","","750 ml","","https://images.openfoodfacts.org/images/products/000/064/400/0770/front_en.3.400.jpg","openfoodfacts:uk"
"0000653930006","porridge","great British porridge company","385g","Porridge","https://images.openfoodfacts.org/images/products/000/065/393/0006/front_en.5.400.jpg","openfoodfacts:uk"
"0000660373643","","","320 g","","https://images.openfoodfacts.org/images/products/000/066/037/3643/front_en.3.400.jpg","openfoodfacts:uk"
"00006804","Baking potatoes","","","","https://images.openfoodfacts.org/images/products/000/000/000/6804/front_en.3.400.jpg","openfoodfacts:uk"
"00006828","","Mentos","30 g","","https://images.openfoodfacts.org/images/products/000/000/000/6828/front_en.3.400.jpg","openfoodfacts:uk"
"00007276","Wholemeal Heyford","","","Plant-based foods and beverages, Plant-based foods, Cereals and potatoes, Breads, Wholemeal breads, Bread-whole, Whear product","https://images.openfoodfacts.org/images/products/000/000/000/7276/front_en.3.400.jpg","openfoodfacts:uk"
"00007290","","","","Plant-based foods and beverages, Plant-based foods, Fruits and vegetables based foods, Fruits based foods, Fruits","https://images.openfoodfacts.org/images/products/000/000/000/7290/front_en.3.400.jpg","openfoodfacts:uk"
"0000729437224","Aru sandwich","","","","https://images.openfoodfacts.org/images/products/000/072/943/7224/front_en.3.400.jpg","openfoodfacts:uk"
"0000729437262","Luxury wrap duck with hoisin sauce","CUED","","","https://images.openfoodfacts.org/images/products/000/072/943/7262/front_en.3.400.jpg","openfoodfacts:uk"
"0000731220036","FIX","FIX","500ml","Beverages, Alcoholic beverages, Beers, Greek beers","https://images.openfoodfacts.org/images/products/000/073/122/0036/front_en.3.400.jpg","openfoodfacts:uk"
"0000734220408","","","","","https://images.openfoodfacts.org/images/products/000/073/422/0408/front_en.3.400.jpg","openfoodfacts:uk"
"0000735101065","Whole Earth Crunchy Peanut Butter","Whole Earth","","en:peanut-butters","https://images.openfoodfacts.org/images/products/000/073/510/1065/front_en.3.400.jpg","openfoodfacts:uk"
"00007412","блс","","","","","openfoodfacts:uk"
"00007573","Camembert d'Isigny Sainte Mère","Tesco finest","250g","Dairies, Fermented foods, Fermented milk products, Cheeses, en:soft-cheeses-with-bloomy-rind","https://images.openfoodfacts.org/images/products/000/000/000/7573/front_en.4.400.jpg","openfoodfacts:uk"
"0000763836786","","","","","https://images.openfoodfacts.org/images/products/000/076/383/6786/front_en.3.400.jpg","openfoodfacts:uk"
"00007658","","","","","https://images.openfoodfacts.org/images/products/000/000/000/7658/front_en.3.400.jpg","openfoodfacts:uk"
"0000785003647","London Pride","Fullers","500 ml","Beers from United Kingdom","https://images.openfoodfacts.org/images/products/000/078/500/3647/front_en.3.400.jpg","openfoodfacts:uk"
"0000804039091","Chicken Sausage","Morliny","400g","","","openfoodfacts:uk"
"00008303","","","","","https://images.openfoodfacts.org/images/products/000/000/000/8303/front_en.3.400.jpg","openfoodfacts:uk"
"0000840005296","","","200 g","","https://images.openfoodfacts.org/images/products/000/084/000/5296/front_en.3.400.jpg","openfoodfacts:uk"
"0000840525633","","","","Bakery Croissants","https://images.openfoodfacts.org/images/products/000/084/052/5633/front_en.3.400.jpg","openfoodfacts:uk"
"0000843264836","","","1 x 5 ml","","https://images.openfoodfacts.org/images/products/000/084/326/4836/front_en.3.400.jpg","openfoodfacts:uk"
"00008433","Mixed Peppers","Sainsbury's","","Plant-based foods and beverages, Plant-based foods, Condiments, Spices, Peppers, Groceries, Mixed peppers","https://images.openfoodfacts.org/images/products/000/000/000/8433/front_en.3.400.jpg","openfoodfacts:uk"
"0000844314301","Zero Sugar Strawberry Lime","Rockstar Energy Drink","500 ml","","https://images.openfoodfacts.org/images/products/000/084/431/4301/front_en.3.400.jpg","openfoodfacts:uk"
"00008648","Nectarines","Sainsbury's","4 fruit","Plant-based foods and beverages, Plant-based foods, Fruits and vegetables based foods, Fruits based foods, Fruits, Peaches, Nectarines, en:fresh-nectarines","https://images.openfoodfacts.org/images/products/000/000/000/8648/front_en.21.400.jpg","openfoodfacts:uk"
"0000869950195","","","","","","openfoodfacts:uk"
"00008761","Spring onions","Sainsbury's","","Plant-based foods and beverages, Plant-based foods, Condiments, Fruits and vegetables based foods, Culinary plants, Vegetables based foods, Onions and their products, Onions, Groceries","https://images.openfoodfacts.org/images/products/000/000/000/8761/front_en.3.400.jpg","openfoodfacts:uk"
"0000890008551","","","100 g","","","openfoodfacts:uk"
"0000890127023","Malt Loaf","Soreen","","Malt loaf","https://images.openfoodfacts.org/images/products/000/089/012/7023/front_en.7.400.jpg","openfoodfacts:uk"
"0000900873490","Beef Ragu with Spinach & Parmesan","FuelHub","","","","openfoodfacts:uk"
"0000903556390","Greek Chicken Tabbouleh With Tzatziki","FuelHub","","","https://images.openfoodfacts.org/images/products/000/090/355/6390/front_en.3.400.jpg","openfoodfacts:uk"
"0000908258275","Milka with whole hazelnuts.","Milka","250grams","Milk chocolate","https://images.openfoodfacts.org/images/products/000/090/825/8275/front_en.3.400.jpg","openfoodfacts:uk"
"00009126","granny smith apples","Sainsburys","","Plant-based foods and beverages, Plant-based foods, Fruits and vegetables based foods, Fruits based foods, Fruits, Apples, Fresh fruits, Fresh apples, en:granny-smith-apples","https://images.openfoodfacts.org/images/products/000/000/000/9126/front_en.5.400.jpg","openfoodfacts:uk"
"00009195","baby watermelon","","","","https://images.openfoodfacts.org/images/products/000/000/000/9195/front_en.3.400.jpg","openfoodfacts:uk"
"0000924985490","Coriander Chicken with Sweet Potato, Cauliflower & Chipotle Mayo","FuelHub","","","","openfoodfacts:uk"
"0000928598382","Banoffee Overnight Oats","Fuelhub","","","","openfoodfacts:uk"
"0000928611210","Peanut Butter & Strawberry Overnight Oats","FuelHub","","","","openfoodfacts:uk"
"0000930614346","sage and red onion stuffing mix","","250g","Condiments","https://images.openfoodfacts.org/images/products/000/093/061/4346/front_en.3.400.jpg","openfoodfacts:uk"
"0000932832366","Absolute Black","Montezuma's","90g","Candy chocolate bars","https://images.openfoodfacts.org/images/products/000/093/283/2366/front_en.3.400.jpg","openfoodfacts:uk"
"0000940416800","","","","","","openfoodfacts:uk"
"0000949390033","6 VEG T SPRING ROLLS ADE 13/05/2025 CLUTEN FREE 6","","","","","openfoodfacts:uk"
"0000961012500","Katsu Curry, Jasmin Rice, Edamame","Fuel Hub","","","","openfoodfacts:uk"
"0000964653663","Southern fries chicken wrap","Grab a bite","","","https://images.openfoodfacts.org/images/products/000/096/465/3663/front_en.3.400.jpg","openfoodfacts:uk"
"0000968101276","Chicken Katsu Curry With Jasmine Rice & Edamame","FuelHub","","","","openfoodfacts:uk"
"0000968112005","Chicken Katsu Curry with Jasmine Rice & Edamame","FuelHub","","","","openfoodfacts:uk"
"0000968112500","Chicken Katsu","Fuel Hub","","","","openfoodfacts:uk"
"0000990060510","","","190 g","","https://images.openfoodfacts.org/images/products/000/099/006/0510/front_en.3.400.jpg","openfoodfacts:uk"
"00009911","Wild Raw Honey","NORDMEL","1kg","Breakfasts,Spreads,Sweet spreads,Bee products,Farming products,Sweeteners,Honeys,Raw Honey","https://images.openfoodfacts.org/images/products/000/000/000/9911/front_en.3.400.jpg","openfoodfacts:uk"
"00009959","muesli","Morrisons Savers","1 kg","muesli","https://images.openfoodfacts.org/images/products/000/000/000/9959/front_en.3.400.jpg","openfoodfacts:uk"
"0000999064663","","","","","https://images.openfoodfacts.org/images/products/000/099/906/4663/front_en.8.400.jpg","openfoodfacts:uk"
"0001010251178","Chicken Pesto Pasta With Rocket And Parmesan","Fuelhub","","","","openfoodfacts:uk"
"0001010251192","Chicken Pesto Pasta with Rocket & Parmesan","FuelHub","","","","openfoodfacts:uk"
"0001014005449","","","","","","openfoodfacts:uk"
"0001015574166","","Aldi","","","https://images.openfoodfacts.org/images/products/000/101/557/4166/front_en.3.400.jpg","openfoodfacts:uk"
"0001019108428","","","","","","openfoodfacts:uk"
"0001021247153","Chicken Shawarma With Whole-Grain Rice And Roasted Peppers","FuelHub","","","","openfoodfacts:uk"
"0001021247184","Chicken Shawarma With Brown Rice & Roasted Peppers","FuelHub","412 g","Meals","https://images.openfoodfacts.org/images/products/000/102/124/7184/front_en.9.400.jpg","openfoodfacts:uk"
"0001024258750","Malaysian Chicken Curry & Jasmine Rice","FuelHub","","","","openfoodfacts:uk"
"0001026463992","Malaysian Sweet Potato Curry & Jasmine Rice","FuelHub","","","","openfoodfacts:uk"
"0001035233050","Thai King Prawns with Jasmine Rice and Roasted Onions & Peppers","FuelHub","","","","openfoodfacts:uk"
"0001035233067","Creamy Thai King Prawns With Jasmine Ricd, Roasted Aubergine & Courgette","Fuelhub","","","","openfoodfacts:uk"
"0001035255892","Sweet Chilli Chicken Noodles","FuelHub","","","https://images.openfoodfacts.org/images/products/000/103/525/5892/front_en.3.400.jpg","openfoodfacts:uk"
"0001044590083","Dark Chocolate","Stamford Street Co","","Snacks,Sweet snacks,Cocoa and its products,Confectioneries,Bars,Chocolate candies,Candy chocolate bars","https://images.openfoodfacts.org/images/products/000/104/459/0083/front_en.15.400.jpg","openfoodfacts:uk"
"00010665","Golden Delicious Apples","Morrisons","","Plant-based foods and beverages, Plant-based foods, Fruits and vegetables based foods, Fruits based foods, Fruits, Apples, Sweet apples, en:fresh-apples","https://images.openfoodfacts.org/images/products/000/000/001/0665/front_en.10.400.jpg","openfoodfacts:uk"
"0001071307166","Herb Chicken Pot","Fuel Hub","2 x 8 oz","","https://images.openfoodfacts.org/images/products/000/107/130/7166/front_en.3.400.jpg","openfoodfacts:uk"
"0001077972030","Fajita Chicken With Wholegrain Rice, Mixed Beans & Cajun Veg","Fuel Hub","","","","openfoodfacts:uk"
"0001105144149","","","","Shortbread","https://images.openfoodfacts.org/images/products/000/110/514/4149/front_en.3.400.jpg","openfoodfacts:uk"
"0001118002450","Balti Chicken With Spiced Potatoes, Roasted Peppers & Raita","FuelHub","","","https://images.openfoodfacts.org/images/products/000/111/800/2450/front_en.3.400.jpg","openfoodfacts:uk"
"0001118574834","Salt & Pepper Panko Chicken With Fixed Potatoes, Onions & Peppers","FuelHub","","","https://images.openfoodfacts.org/images/products/000/111/857/4834/front_en.3.400.jpg","openfoodfacts:uk"
"0001118659234","Sicilian Chicken Caponata","FuelHub","","","","openfoodfacts:uk"
"0001120072151","Hunter's BBQ Chicken Pasta With Spinach Bacon & Mozzarella","Fuelhub","","","","openfoodfacts:uk"
"0001120076821","Hunters BBQ Chicken Pasta with Spinach, Bacon & Mozzarella","FuelHub","","","","openfoodfacts:uk"
"0001120076876","Hunters BBQ Chicken Pasta","FuelHub","","","","openfoodfacts:uk"
"0001120673549","","","","organic honey","https://images.openfoodfacts.org/images/products/000/112/067/3549/front_en.3.400.jpg","openfoodfacts:uk"
"0001121426052","Peri-Peri Chicken Sweet Potato And Minted Peas","Fuelhub","","","","openfoodfacts:uk"
"0001121426076","Peri Peri Chicken","FuelHub","","","https://images.openfoodfacts.org/images/products/000/112/142/6076/front_en.7.400.jpg","openfoodfacts:uk"
"0001121542868","Italian Chicken Pasta With Broccoli & Parmesan","FuelHub","","","","openfoodfacts:uk"
"00011501","Curiously Strong Mints","Marks & Spencer","50 g","Snacks, Sweet snacks, Cocoa and its products, Confectioneries, Chocolate candies, Bonbons, en:candies","https://images.openfoodfacts.org/images/products/000/000/001/1501/front_en.31.400.jpg","openfoodfacts:uk"
"00011600","6 British Large Eggs","M&S","6","Farming products, Eggs, Chicken eggs, Free-range chicken eggs","https://images.openfoodfacts.org/images/products/000/000/001/1600/front_en.15.400.jpg","openfoodfacts:uk"
"0001160157641","Jacob’s Biscults for Cheese Selection","","900 g","Snacks, Sweet snacks, Biscuits and cakes, Biscuits","https://images.openfoodfacts.org/images/products/000/116/015/7641/front_en.3.400.jpg","openfoodfacts:uk"
"00011693","All Butter Belgian White Chocolate Chunk Cookies","Marks & Spencer","225 g e","Snacks, Snacks sucrés, Biscuits et gâteaux, Biscuits, Biscuits au chocolat","https://images.openfoodfacts.org/images/products/000/000/001/1693/front_fr.10.400.jpg","openfoodfacts:uk"
"00011709","All Butter Fruity Flapjack Cookies","Marks & Spencer","225 g e","Snacks, Snacks sucrés, Biscuits et gâteaux, Biscuits, Cookies, Biscuits à l'avoine, Cookies au raisin","https://images.openfoodfacts.org/images/products/000/000/001/1709/front_fr.12.400.jpg","openfoodfacts:uk"
"00011716","British medium eggs","Marks and spencer","6","Farming products, Eggs, en:chicken-eggs","https://images.openfoodfacts.org/images/products/000/000/001/1716/front_en.5.400.jpg","openfoodfacts:uk"
"00011730","Cranberry & Orange Cookies","Marks & Spencer","225 g ℮, 10 cookies","Snacks, Sweet snacks, Biscuits and cakes, Biscuits","https://images.openfoodfacts.org/images/products/000/000/001/1730/front_en.59.400.jpg","openfoodfacts:uk"
"00011747","Triple Belgian Chocolaté Chunk Cookies","Marks & Spencer","225 g e","Snacks, Snacks sucrés, Biscuits et gâteaux, Biscuits, Biscuits au chocolat, Cookies, Cookies au chocolat, Cookies au chocolat au lait, Cookies au chocolat blanc, Cookies au chocolat noir","https://images.openfoodfacts.org/images/products/000/000/001/1747/front_fr.14.400.jpg","openfoodfacts:uk"
"00011754","Cookies Stem Ginger","Marks & Spencer","225 g","Snacks,Sweet snacks,Biscuits and cakes,Biscuits and crackers,Biscuits,Oatmeal biscuits","https://images.openfoodfacts.org/images/products/000/000/001/1754/front_fr.27.400.jpg","openfoodfacts:uk"
"00011778","All Butter Reduced Fat Stem Ginger Cookies","Marks & Spencer","225 g","Snacks, Snacks sucrés, Biscuits et gâteaux, Biscuits, Cookies au gingembre","https://images.openfoodfacts.org/images/products/000/000/001/1778/front_fr.7.400.jpg","openfoodfacts:uk"
"00011785","Cookies pépites chocolat et noisette","M&S","","Snacks, Sweet snacks, Biscuits and cakes, Biscuits, Chocolate biscuits","https://images.openfoodfacts.org/images/products/000/000/001/1785/front_en.18.400.jpg","openfoodfacts:uk"
"00011815","Burdock root","Marks & Spencers","320 g","Snacks,Snacks sucrés,Biscuits et gâteaux,Biscuits,en:oatmeal-cookies","https://images.openfoodfacts.org/images/products/000/000/001/1815/front_fr.20.400.jpg","openfoodfacts:uk"
"0001182043106","Udon Thick Noodles","Amoy","2 x 9150 g","Plant-based foods and beverages, Plant-based foods, Pastas, Noodles, Udon","https://images.openfoodfacts.org/images/products/000/118/204/3106/front_en.3.400.jpg","openfoodfacts:uk"
"00011839","Smoothie Strawberry & Banana","Marks & Spencer, Yesto","750 ml e","Aliments et boissons à base de végétaux, Boissons, Boissons à base de végétaux, Smoothies","https://images.openfoodfacts.org/images/products/000/000/001/1839/front_fr.24.400.jpg","openfoodfacts:uk"
"00011891","British Rainbow Baby Carrots","eat well","200 g","Baby Rainbow Carrots, en:carrots","https://images.openfoodfacts.org/images/products/000/000/001/1891/front_en.9.400.jpg","openfoodfacts:uk"
"0001201245122","","","","","","openfoodfacts:uk"
"0001202312076","Super green risotto","","","","https://images.openfoodfacts.org/images/products/000/120/231/2076/front_en.3.400.jpg","openfoodfacts:uk"
"0001202312083","Thai Green Curry","","","","https://images.openfoodfacts.org/images/products/000/120/231/2083/front_en.3.400.jpg","openfoodfacts:uk"
"0001202312090","Rigatoni Bolognese","allplants","","Frozen foods, Meals, Frozen ready-made meals","https://images.openfoodfacts.org/images/products/000/120/231/2090/front_en.3.400.jpg","openfoodfacts:uk"
"0001202312106","BBQ Burrito Bowl","","","","https://images.openfoodfacts.org/images/products/000/120/231/2106/front_en.3.400.jpg","openfoodfacts:uk"
"0001202312229","Peri peri strips + spicy rice","All Plants","","Plant-based foods and beverages, Plant-based foods","https://images.openfoodfacts.org/images/products/000/120/231/2229/front_en.3.400.jpg","openfoodfacts:uk"
"0001202312328","Hoisin mushroom udon noodles","","710 g","","https://images.openfoodfacts.org/images/products/000/120/231/2328/front_en.3.400.jpg","openfoodfacts:uk"
"0001210557742","Firecracker Chicken Noodles & Stir Fry Veg","Fuel Hub","","","","openfoodfacts:uk"
"00012119","Blackcurrant Jam","Sainsbury’s","454g","Plant-based foods and beverages, Plant-based foods, Breakfasts, Spreads, Plant-based spreads, Sweet spreads, Fruit and vegetable preserves, Jams, en:blackcurrant-jams","https://images.openfoodfacts.org/images/products/000/000/001/2119/front_en.15.400.jpg","openfoodfacts:uk"
"0001211927742","Firecracker Chicken Noodles","Foodhub","","","","openfoodfacts:uk"
"00012126","Passion fruit","M & S","90 g","Aliments et boissons à base de végétaux, Aliments d'origine végétale, Aliments à base de fruits et de légumes, Desserts, Fruits et produits dérivés, Purée de fruits sans sucres ajoutés","https://images.openfoodfacts.org/images/products/000/000/001/2126/front_fr.4.400.jpg","openfoodfacts:uk"
"0001228881792","Spanish Chicken with Chorizo, Olives & Patatas Bravas","FuelHub","","","","openfoodfacts:uk"
"0001228962934","Buffalo Chicken with Brown Rice & Mixed Bean Kale Salad","Fuel Hub","","","","openfoodfacts:uk"
"0001228962958","Buffalo Chicken With Whole Grain Rice Quinoa And Mixed Bean Kale Salad","Fuelhub","","","","openfoodfacts:uk"
"0001228971721","Honey And Rosemary Salmon With Sweet Potatoes, Cabbage And Bacon","Fuel Hub","","","","openfoodfacts:uk"
"0001228971776","Honey Rosemary Salmon With Sweet Potato, Cabbage And Bacon","Fuel Hub","","","https://images.openfoodfacts.org/images/products/000/122/897/1776/front_en.6.400.jpg","openfoodfacts:uk"
"0001229931342","Beef Rendang with Jasmine Rice & Asian Greens","FuelHub","","","","openfoodfacts:uk"
"0001230005339","Salt-N-Pepa Panko Chicken With Whole Grain Rice, Onions, And Peppers","Fuel Hub","","","","openfoodfacts:uk"
"0001232604875","Philly Cheese Steak With Chips And Rostand","Fuelhub","","","","openfoodfacts:uk"
"0001232648992","Philly Cheese Steak with Chips & Roasted Veg","FuelHub","","","","openfoodfacts:uk"
"0001234405739","Salt & Pepper Panko Chicken With Wholegrain Rice, Onions & Peppers","Fuel Hub","","","","openfoodfacts:uk"
"0001234405784","Salt & Pepper Panko Chicken with Jasmine Rice, Onions & Peppers","FuelHub","","","","openfoodfacts:uk"
"0001236437776","Peri Chicken with Lemon & Herb Rice & Chilli Minted Peas","Fuel Hub","","","","openfoodfacts:uk"
"00012683","sliced white mushrooms","M&S","225 g","Plant-based foods and beverages, Plant-based foods, Fruits and vegetables based foods, Vegetables based foods, Mushrooms and their products, Mushrooms, Champignon mushrooms","https://images.openfoodfacts.org/images/products/000/000/001/2683/front_en.6.400.jpg","openfoodfacts:uk"
"0001269361376","Harrisa Chicken with Sweet Potato, Peppers & Tahini","FuelHub","","","","openfoodfacts:uk"
"0001269458168","Chicken Chow Mein with Egg Noodles & Stir Fry Veg","Fuel Hub","","","","openfoodfacts:uk"
"0001271172373","","Tesco","","","https://images.openfoodfacts.org/images/products/000/127/117/2373/front_en.6.400.jpg","openfoodfacts:uk"
"0001273581968","Spanish Chicken & Chorizo with Brown Rice & Med Veg","FuelHub","","","","openfoodfacts:uk"
"00013079","","Marks & Spencer","","","https://images.openfoodfacts.org/images/products/000/000/001/3079/front_en.6.400.jpg","openfoodfacts:uk"
"00013086","Bircher Muesli","M&S Food","190 g","Plant-based foods and beverages, Plant-based foods, Breakfasts, Cereals and potatoes, Cereals and their products, Breakfast cereals, Cereals with fruits, Mueslis, Bircher-style mueslis, Mueslis with fruits, en:yogurts-with-cereals","https://images.openfoodfacts.org/images/products/000/000/001/3086/front_en.21.400.jpg","openfoodfacts:uk"
"0001324737276","Turkey Dinner","Fuel Hub","","","","openfoodfacts:uk"
"0001324990008","Spicy Chicken Arrabbiata With Pasta & Spinach","Fuel Hub","","","","openfoodfacts:uk"
"0001324990046","Spicy Chicken Arrabbiata With Pasta And Spinach","Fuelhub","","","","openfoodfacts:uk"
"0001324990084","Spicy Chicken Arrabbiata With Pasta & Spinach","Fuelhub","","","","openfoodfacts:uk"
"0001325531668","Chicken Tikka Masala","Fuel Hub","","","","openfoodfacts:uk"
"0001331818180","","","","","https://images.openfoodfacts.org/images/products/000/133/181/8180/front_en.7.400.jpg","openfoodfacts:uk"
"0001339897965","","","","Plant-based foods and beverages, Beverages, Plant-based foods, Coffees, Instant beverages, Decaffeinated coffees, Instant coffees, Decaffeinated instant coffees","https://images.openfoodfacts.org/images/products/000/133/989/7965/front_en.3.400.jpg","openfoodfacts:uk"
"00013444","Fully flavoured roast chicken crisps","Golden wonder","","","","openfoodfacts:uk"
"0001361678884","Salted Caramel Protein Bar","Fuel Hub","","","","openfoodfacts:uk"
"00013628","Chicken pad thaï","MARKS & SPENCER","400 g","Viandes et dérivés, Plats préparés, Plats préparés à la viande, Plats à la volaille, Plats au poulet","https://images.openfoodfacts.org/images/products/000/000/001/3628/front_fr.5.400.jpg","openfoodfacts:uk"
"0001395838650","Thai Red Curry","Fuel Hub","","","","openfoodfacts:uk"
"0001395908650","Hoisin Chilli Chicken With Brown Rice & Veg","Fuel Hub","","","","openfoodfacts:uk"
"0001398375442","Thai Green Chicken Curry","Fuel Hub","","","","openfoodfacts:uk"
"0001398384642","Thai Green Beef Curry With Jasmine Rice","Fuelhub","","","","openfoodfacts:uk"
"0001398526684","Honey And Chilli Chicken Thighs With Whole grain Rice And Broccoli","Fuelhub","","","","openfoodfacts:uk"
"0001400321788","Frites","","","","https://images.openfoodfacts.org/images/products/000/140/032/1788/front_en.3.400.jpg","openfoodfacts:uk"
"0001400341434","A-Z Multivitamin & Minerals","Activ/Max","60 Tablets","Vitamins","https://images.openfoodfacts.org/images/products/000/140/034/1434/front_en.4.400.jpg","openfoodfacts:uk"
"0001404596243","","","","","","openfoodfacts:uk"
"0001404784107","","","","","","openfoodfacts:uk"
"0001406893340","","","","","https://images.openfoodfacts.org/images/products/000/140/689/3340/front_en.3.400.jpg","openfoodfacts:uk"
"0001407767602","Honey, Carrot & Parsnip Soup","Supreme","","","","openfoodfacts:uk"
"0001408988426","","","6 x 330 ml","","","openfoodfacts:uk"
"0001411871753","","","","aah bisto chicken gravy granules","https://images.openfoodfacts.org/images/products/000/141/187/1753/front_en.3.400.jpg","openfoodfacts:uk"
"00014137","Sliced white bread","Sainsbury's","","Plant-based foods and beverages,Plant-based foods,Cereals and potatoes,Breads,Sliced breads,White breads","https://images.openfoodfacts.org/images/products/000/000/001/4137/front_en.19.400.jpg","openfoodfacts:uk"
"00014205","","","300 g","","https://images.openfoodfacts.org/images/products/000/000/001/4205/front_en.9.400.jpg","openfoodfacts:uk"
"0001420911518","Thai Coconut Chicken Curry with Cauliflower Rice & Greens","FuelHub","","","","openfoodfacts:uk"
"0001420911556","Coconut Chicken Curry","Fuel Hub","","","https://images.openfoodfacts.org/images/products/000/142/091/1556/front_en.3.400.jpg","openfoodfacts:uk"
"00014212","","Sainsbury's, Sainsburys","","","https://images.openfoodfacts.org/images/products/000/000/001/4212/front_en.21.400.jpg","openfoodfacts:uk"
"0001425165992","Peri Chicken With Spicy Cauliflower Rice","FuelHub","","","","openfoodfacts:uk"
"0001440074132","Helps support the normal function of the immune sy","","","","","openfoodfacts:uk"
"0001443875675","","","60 g","Beverages and beverages preparations, Beverage preparations, Tea leaves, Tea bags, en:herbal-teas","https://images.openfoodfacts.org/images/products/000/144/387/5675/front_en.3.400.jpg","openfoodfacts:uk"
"0001447908300","Korean Chicken with Whole grain Rice, Greens & Kimchi","Fuel Hub","","","","openfoodfacts:uk"
"0001447908355","Korean Chicken","FuelHub","","","","openfoodfacts:uk"
"0001448677830","","","","","","openfoodfacts:uk"
"0001453744190","","Aldi","4 x 100 ml","","https://images.openfoodfacts.org/images/products/000/145/374/4190/front_en.3.400.jpg","openfoodfacts:uk"
"0001453834648","","","400 g","chopped tomatoes","https://images.openfoodfacts.org/images/products/000/145/383/4648/front_en.5.400.jpg","openfoodfacts:uk"
"0001459386523","","","","","","openfoodfacts:uk"
"0001459700701","Lighter Than Light Mayonnaise","Bramwells","","","","openfoodfacts:uk"
"0001459786576","cola","cola","","","https://images.openfoodfacts.org/images/products/000/145/978/6576/front_fr.3.400.jpg","openfoodfacts:uk"
"0001459839555","Salted Caramel Protein Pudding","Brooklea","","","","openfoodfacts:uk"
"0001459894233","Whitehaven Chocolate Cereal Balls Protein Strawberry Yogurt","Brooklea","","","","openfoodfacts:uk"
"0001459979183","Strawberry, Cherry And Guarana Super Smoothie","The Juice Company","","","","openfoodfacts:uk"
"00014663","","","","","https://images.openfoodfacts.org/images/products/000/000/001/4663/front_fr.7.400.jpg","openfoodfacts:uk"
"00014670","Chicken and Mushroom pie","","","Meats and their products, Meals, Pizzas pies and quiches, Salted pies, Meat pies, Chicken and mushroom pies","https://images.openfoodfacts.org/images/products/000/000/001/4670/front_en.3.400.jpg","openfoodfacts:uk"
"0001487848192","Peri Chicken with Roasted Butternut Squash, Kale & Tzatziki","FuelHub","","","","openfoodfacts:uk"
"0001487848482","Peri Chicken With Roasted Butternut Squash, Kale & Tzatziki","FuelHub","","","","openfoodfacts:uk"
"0001494750464","","","","","","openfoodfacts:uk"
"0001497183832","","","","Beef burgers","https://images.openfoodfacts.org/images/products/000/149/718/3832/front_en.3.400.jpg","openfoodfacts:uk"
"0001497341676","All Day Brunch","FuelHub","","","","openfoodfacts:uk"
"0001498408583","","","","English mustard","https://images.openfoodfacts.org/images/products/000/149/840/8583/front_en.7.400.jpg","openfoodfacts:uk"
"00015035","Pork sage and onion stuffed chicken","Marks and spencer","","chicken","https://images.openfoodfacts.org/images/products/000/000/001/5035/front_en.3.400.jpg","openfoodfacts:uk"
"00015066","Bakery pitta bread white","Sainsbury's","","","https://images.openfoodfacts.org/images/products/000/000/001/5066/front_en.3.400.jpg","openfoodfacts:uk"
"0001513632078","","","686 g","","https://images.openfoodfacts.org/images/products/000/151/363/2078/front_en.3.400.jpg","openfoodfacts:uk"
"0001518244818","BBQ Chicken Burrito","FuelHub","","","","openfoodfacts:uk"
"0001523693434","Cajun Chicken Burrito","Fuel Hub","","","","openfoodfacts:uk"
"0001523737084","Sweet Chilli Chicken Burrito","FuelHub","","","","openfoodfacts:uk"
"0001523737374","Sweet Chilli Chicken Burrito","Fuel Hub","","","","openfoodfacts:uk"
"0001532363625","Naked Beef Burger","Fuelhub","","","","openfoodfacts:uk"
"0001532894891","Italian Chicken Pesto with Roasted New Potatoes & Broccoli","FuelHub","","","","openfoodfacts:uk"
"0001532949676","Sweet & Sour Chicken with Jasmine Rice, Stir Fry Veg & Pineapple","Fuel hub","","","https://images.openfoodfacts.org/images/products/000/153/294/9676/front_en.3.400.jpg","openfoodfacts:uk"
"0001533486484","Jerk Chicken Peas Beans Rice","FuelHub","","","https://images.openfoodfacts.org/images/products/000/153/348/6484/front_en.5.400.jpg","openfoodfacts:uk"
"0001533624084","Greek Chicken","FuelHub","","","","openfoodfacts:uk"
"0001533624374","Greek Chicken","Fuel Hub","","","","openfoodfacts:uk"
"00015462","Chargrilled Chilli Garlic Paprika Prawns","Marks & Spencer","","","https://images.openfoodfacts.org/images/products/000/000/001/5462/front_en.3.400.jpg","openfoodfacts:uk"
"0001555140050","Red Pesto Chicken Pasta with Sundried Tomatoes & Feta","FuelHub","","","","openfoodfacts:uk"
"0001555674418","Lamb Kofte And Sweet Potato, Tomato Onion Salad, Pomegranate Molasses & raita","Fuelhub","","","","openfoodfacts:uk"
"0001557461368","Meatball Pasta Bake with Rocket & Parmesan","FuelHub","","","","openfoodfacts:uk"
"0001557461382","Meatball Pasta Bake With Rocket And Parmesan","Fuelhub","","","","openfoodfacts:uk"
"00015806","","","330 ml","","https://images.openfoodfacts.org/images/products/000/000/001/5806/front_en.4.400.jpg","openfoodfacts:uk"
"0001595102223","","","","cereal","https://images.openfoodfacts.org/images/products/000/159/510/2223/front_en.3.400.jpg","openfoodfacts:uk"
"00016254","Watercolour Pan Set","WHSmith","","","https://images.openfoodfacts.org/images/products/000/000/001/6254/front_es.4.400.jpg","openfoodfacts:uk"
"0001692524942","Beef Chilli","Fuelhub","","","","openfoodfacts:uk"
"00016940","sweet popcorn","Marks & Spencer","","Snacks, Sweet snacks, Popcorn","https://images.openfoodfacts.org/images/products/000/000/001/6940/front_en.16.400.jpg","openfoodfacts:uk"
"00017619","Chilli con Carne","Marks & Spencer","","Meals,Meals with meat,Chili con carne,Chili con carne with side dishes,Rice dishes","https://images.openfoodfacts.org/images/products/000/000/001/7619/front_fr.11.400.jpg","openfoodfacts:uk"
"0001764004501","Free Range Corn Fed Chicken Drumsticks","M&S COLLECTION","","","https://images.openfoodfacts.org/images/products/000/176/400/4501/front_en.3.400.jpg","openfoodfacts:uk"
"0001764004839","Corn Fed Chicken Drumsticks","M&S","","","","openfoodfacts:uk"
"0001765706480","Free Range Corn Fed Chicken","M&S","","","","openfoodfacts:uk"
"0001765707029","Skinless Boneless Chicken Thighs","M&S","","","https://images.openfoodfacts.org/images/products/000/176/570/7029/front_en.3.400.jpg","openfoodfacts:uk"
"0001765707395","Free Range Corn Feed Chicken Thighs","M&s","","","","openfoodfacts:uk"
"0001765708859","Chicken Thighs","M&S","","","https://images.openfoodfacts.org/images/products/000/176/570/8859/front_en.3.400.jpg","openfoodfacts:uk"
"0001766404392","Free Range Corn Fed Chicken","M&S","","","","openfoodfacts:uk"
"0001767104406","Chicken Thighs","M&S Oakham Gold","","","","openfoodfacts:uk"
"0001767104772","","","","","https://images.openfoodfacts.org/images/products/000/176/710/4772/front_en.5.400.jpg","openfoodfacts:uk"
"0001767104918","British Free Range Corn Fed Chicken Thighs","M&S Food","600g","Chicken thighs","","openfoodfacts:uk"
"0001767105007","Corn Fed Chicken Thighs","M&S Food","","","","openfoodfacts:uk"
"0001767105892","Free Range Corn Fed Chicken Thighs","Marks & Spencer","","","https://images.openfoodfacts.org/images/products/000/176/710/5892/front_en.3.400.jpg","openfoodfacts:uk"
"00018166","6 Ultimate Crumpets","M&S","330g","Crumpets","https://images.openfoodfacts.org/images/products/000/000/001/8166/front_en.38.400.jpg","openfoodfacts:uk"
"00018593","4 HOT CROSS BUNS","Marks & Spencer","260 g","Cakes","https://images.openfoodfacts.org/images/products/000/000/001/8593/front_en.35.400.jpg","openfoodfacts:uk"
"00018616","eggs","Marks & Spencer","","","https://images.openfoodfacts.org/images/products/000/000/001/8616/front_en.3.400.jpg","openfoodfacts:uk"
"00018647","British Free Range Mixed Size Eggs","Simply M&S","328g","Farming products, Eggs, Chicken eggs, en:free-range-chicken-eggs","https://images.openfoodfacts.org/images/products/000/000/001/8647/front_en.4.400.jpg","openfoodfacts:uk"
"00018654","Free range Mixed Size egg","Marks & Spencer","805 g","Farming products, Eggs, en:free-range-chicken-eggs","https://images.openfoodfacts.org/images/products/000/000/001/8654/front_en.7.400.jpg","openfoodfacts:uk"
"00018661","6 free range maran island brown eggs","Marks & Spencer","6 pcs","en:eggs,en:fresh-eggs,en:chicken-eggs,en:free-range-chicken-eggs","https://images.openfoodfacts.org/images/products/000/000/001/8661/front_en.3.400.jpg","openfoodfacts:uk"
"00018678","6 Araucana Blue Eggs","Marks & Spencer","","en:chicken-eggs","https://images.openfoodfacts.org/images/products/000/000/001/8678/front_en.3.400.jpg","openfoodfacts:uk"
"0001900014845","","","","Meals, Focaccia","https://images.openfoodfacts.org/images/products/000/190/001/4845/front_en.3.400.jpg","openfoodfacts:uk"
"00019057","Free Range Medium Eggs","M&S","","en:eggs,en:fresh-eggs,en:chicken-eggs,en:medium-eggs,en:free-range-chicken-eggs","https://images.openfoodfacts.org/images/products/000/000/001/9057/front_en.3.400.jpg","openfoodfacts:uk"
"00019064","Scottish Large Eggs","M&S Food","12","Farming products,Eggs,Chicken eggs,Free-range chicken eggs","https://images.openfoodfacts.org/images/products/000/000/001/9064/front_en.3.400.jpg","openfoodfacts:uk"
"00019071","Scottish Free Range Large Egg","M&S Food,Marks & Spencer","6","Farming products,Eggs,Chicken eggs,Free-range chicken eggs","https://images.openfoodfacts.org/images/products/000/000/001/9071/front_en.5.400.jpg","openfoodfacts:uk"
"00019095","Northern Irish Free Range Large Eggs","Marks & Spencer","","en:eggs,en:fresh-eggs,en:chicken-eggs,en:large-eggs,en:free-range-chicken-eggs","","openfoodfacts:uk"
"00019101","SHORTBREAD all butter fingers","Sainsburys","200 g","Snacks, Sweet snacks, Biscuits and cakes, Biscuits, Shortbread cookies, Shortbread","https://images.openfoodfacts.org/images/products/000/000/001/9101/front_en.32.400.jpg","openfoodfacts:uk"
"0001910114672","Collection British Free Range Corn Fed Whole Chicken","Marks & Spencer","","","","openfoodfacts:uk"
"0001910116348","","","","","","openfoodfacts:uk"
"00019170","Large flat mushrooms","Sainsbury's,by sainsbury's","250g","Plant-based foods and beverages, Plant-based foods, Fruits and vegetables based foods, Vegetables based foods, Fresh foods, Mushrooms and their products, Fresh plant-based foods, Mushrooms, Fresh vegetables, Fresh mushrooms","https://images.openfoodfacts.org/images/products/000/000/001/9170/front_en.4.400.jpg","openfoodfacts:uk"
"00019194","Egg","M and S","","","","openfoodfacts:uk"
"00019224","Northern Irish Free Range Large Eggs","M&S Food","","en:free-range-chicken-eggs","https://images.openfoodfacts.org/images/products/000/000/001/9224/front_en.3.400.jpg","openfoodfacts:uk"
"0001944004048","","","","","https://images.openfoodfacts.org/images/products/000/194/400/4048/front_en.3.400.jpg","openfoodfacts:uk"
"00019453","Swede","M&S","","Swede","https://images.openfoodfacts.org/images/products/000/000/001/9453/front_en.5.400.jpg","openfoodfacts:uk"
"00019477","Sweet Potatoes","M&S Eat Well","500g","Plant-based foods and beverages,Plant-based foods,Fruits and vegetables based foods,Cereals and potatoes,Vegetables based foods,Vegetables,Root vegetables,Sweet potatoes","https://images.openfoodfacts.org/images/products/000/000/001/9477/front_en.3.400.jpg","openfoodfacts:uk"
"0001954504491","Free Range Chicken Breast Fillets","M&S","","","","openfoodfacts:uk"
"0001954504743","Free Range Corn Fed Chicken Breast Fillets","M&S Food","","","","openfoodfacts:uk"
"0001954505207","Free Range Corn Fed Chicken Breast Fillets","M&S Food","","","","openfoodfacts:uk"
"0001954505542","Free Range Corn Fed Chicken Breast Fillets","M&S Food","","","","openfoodfacts:uk"
"0001954505825","Collection British Free Range Corn Fed Chicken Breast Fillets","M&S Food","","","","openfoodfacts:uk"
"0001954506549","Corn Fed Chicken Breasts","M&S","","","","openfoodfacts:uk"
"0001954506914","Corn Fed Chicken Breast Fillet","M&S","","","","openfoodfacts:uk"
"0001974123207","","","","","https://images.openfoodfacts.org/images/products/000/197/412/3207/front_en.4.400.jpg","openfoodfacts:uk"
"0001997859404","","","","","https://images.openfoodfacts.org/images/products/000/199/785/9404/front_en.3.400.jpg","openfoodfacts:uk"
"0002000389826","Sainsburys free from gluten triple chocolate cookies all butter recipe","Sainsbury's taste the difference","","Biscuit (cookie) snack w chocolate filling","https://images.openfoodfacts.org/images/products/000/200/038/9826/front_en.3.400.jpg","openfoodfacts:uk"
"0002000483197","Apricot White Stilton","M&S Food","200g","Dairies,Fermented foods,Fermented milk products,Cheeses,Cheeses from the United Kingdom","https://images.openfoodfacts.org/images/products/000/200/048/3197/front_en.3.400.jpg","openfoodfacts:uk"
"0002000860004","natural cottage cheese","Sainsbury’s","300g","Plain cottage cheeses","https://images.openfoodfacts.org/images/products/000/200/086/0004/front_en.3.400.jpg","openfoodfacts:uk"
"0002009005994","Buffalo, Venison And Cranberry Chipolatas","Buffalo farm","","","","openfoodfacts:uk"
"00020220","Apple Pear & Asparagus","Marks and Spencer","","Plant-based foods and beverages, Beverages, Plant-based beverages, Fruit-based beverages, Juices and nectars, Fruit juices","https://images.openfoodfacts.org/images/products/000/000/002/0220/front_en.4.400.jpg","openfoodfacts:uk"
"0002028406062","Roast dinner","","","","","openfoodfacts:uk"
"0002032600265","","","","","https://images.openfoodfacts.org/images/products/000/203/260/0265/front_en.3.400.jpg","openfoodfacts:uk"
"00020374","Baby leaf rocket salad","M&S","","","https://images.openfoodfacts.org/images/products/000/000/002/0374/front_fr.4.400.jpg","openfoodfacts:uk"
"0002043520347","Sainsbury's stem ginger cookies","","","biscuit","https://images.openfoodfacts.org/images/products/000/204/352/0347/front_en.3.400.jpg","openfoodfacts:uk"
"0002050538304","","","","beef patties","https://images.openfoodfacts.org/images/products/000/205/053/8304/front_en.3.400.jpg","openfoodfacts:uk"
"0002064928504","","","50 x 10 g","Balsamic beetroot","https://images.openfoodfacts.org/images/products/000/206/492/8504/front_en.13.400.jpg","openfoodfacts:uk"
"00020664","Mini Roaster Potatoes","M&S Eat Well","1kg","Potatoes","https://images.openfoodfacts.org/images/products/000/000/002/0664/front_en.4.400.jpg","openfoodfacts:uk"
"0002072434196","Spiracha Sauce","M&S","","Condiments, Sauces, Tomato sauces","https://images.openfoodfacts.org/images/products/000/207/243/4196/front_en.3.400.jpg","openfoodfacts:uk"
"0002086211233","authentic greek yoghurt","Sainsbury's","500 g","Dairies,Fermented foods,Fermented milk products,Desserts,Dairy desserts,Fermented dairy desserts,Yogurts,Greek-style yogurts","https://images.openfoodfacts.org/images/products/000/208/621/1233/front_en.3.400.jpg","openfoodfacts:uk"
"00020985","","M&S","500 g","Plant-based foods and beverages, Plant-based foods, Pastas, cs:Orzo-pasta, en:cereal-pastas","https://images.openfoodfacts.org/images/products/000/000/002/0985/front_cs.23.400.jpg","openfoodfacts:uk"
"0002100483028","crushed chillies","","","Spices","https://images.openfoodfacts.org/images/products/000/210/048/3028/front_en.3.400.jpg","openfoodfacts:uk"
"00021005","Roasted Aubergine & mascarpone","","190 g","","https://images.openfoodfacts.org/images/products/000/000/002/1005/front_en.3.400.jpg","openfoodfacts:uk"
"00021067","Chilli pesto sauce","M&S FOOD","","Condiments, Sauces, Pestos, Groceries, en:pasta-sauces","https://images.openfoodfacts.org/images/products/000/000/002/1067/front_fr.4.400.jpg","openfoodfacts:uk"
"00021104","Caponata","Marks and Spencer,M&S","","","https://images.openfoodfacts.org/images/products/000/000/002/1104/front_en.11.400.jpg","openfoodfacts:uk"
"0002122442010","","","","Spice Mix","https://images.openfoodfacts.org/images/products/000/212/244/2010/front_en.3.400.jpg","openfoodfacts:uk"
"0002140343030","Onion Salt","Sainsbury's","86g","Onion salt","https://images.openfoodfacts.org/images/products/000/214/034/3030/front_en.3.400.jpg","openfoodfacts:uk"
"0002141311984","","","","fruit juice","https://images.openfoodfacts.org/images/products/000/214/131/1984/front_en.7.400.jpg","openfoodfacts:uk"
"0002146022106","Blood Oramge Energy Drink","Rockstar","","","https://images.openfoodfacts.org/images/products/000/214/602/2106/front_en.3.400.jpg","openfoodfacts:uk"
"00022729","Crispy Mac ‘N’ Cheese Bites","Marks and Spencer","200g","Meals,Pasta dishes","https://images.openfoodfacts.org/images/products/000/000/002/2729/front_en.16.400.jpg","openfoodfacts:uk"
"00022750","MOZZARELLA STICKS","M&S FOOD","","Dairies, Fermented foods, Fermented milk products, Cheeses, Meat alternatives, Breaded products, Breaded cheeses, Mozzarella sticks","https://images.openfoodfacts.org/images/products/000/000/002/2750/front_fr.4.400.jpg","openfoodfacts:uk"
"0002311183090","","Sainsbury's","","Plant-based foods and beverages,Plant-based foods,Pickled limes","https://images.openfoodfacts.org/images/products/000/231/118/3090/front_en.3.400.jpg","openfoodfacts:uk"
"00023115","Giant cookies triple belgian chocolate","marks and Spencer","257 g","Snacks, Snacks sucrés, Biscuits et gâteaux, Biscuits","https://images.openfoodfacts.org/images/products/000/000/002/3115/front_fr.14.400.jpg","openfoodfacts:uk"
"00023238","Parmesan raviolla","Marks & Spencer","250 g","","https://images.openfoodfacts.org/images/products/000/000/002/3238/front_en.5.400.jpg","openfoodfacts:uk"
"00023375","","M&S","","","https://images.openfoodfacts.org/images/products/000/000/002/3375/front_en.6.400.jpg","openfoodfacts:uk"
"0002340004069","little 76343 67 OCH MOCHI ICE CREAM BROWN BUTTER C","","","","","openfoodfacts:uk"
"0002346500589","pure spring water","berrington","500 ml","Beverages, Waters","https://images.openfoodfacts.org/images/products/000/234/650/0589/front_en.3.400.jpg","openfoodfacts:uk"
"0002362680920","","","500 g","","https://images.openfoodfacts.org/images/products/000/236/268/0920/front_en.3.400.jpg","openfoodfacts:uk"
"0002364171723","","Aldi","240 g","Vegetables","https://images.openfoodfacts.org/images/products/000/236/417/1723/front_en.3.400.jpg","openfoodfacts:uk"
"0002378252951","","","","","https://images.openfoodfacts.org/images/products/000/237/825/2951/front_en.3.400.jpg","openfoodfacts:uk"
"0002385020079","","","","","https://images.openfoodfacts.org/images/products/000/238/502/0079/front_en.3.400.jpg","openfoodfacts:uk"
"00024068","Deep south cajun chicken tenders","Marks & Spencer","","en:chickens","https://images.openfoodfacts.org/images/products/000/000/002/4068/front_fr.7.400.jpg","openfoodfacts:uk"
"0002407288722","Multigrain Rice Cakes","Savour Bakes Aldi","","","https://images.openfoodfacts.org/images/products/000/240/728/8722/front_en.3.400.jpg","openfoodfacts:uk"
"00024075","British Katsu Chicken Tenders","Marks & Spencer","","Meals, Meals with meat, Poultry meals, en:cooked-poultries","https://images.openfoodfacts.org/images/products/000/000/002/4075/front_fr.19.400.jpg","openfoodfacts:uk"
"00024136","M&S Lemon & Parmesan Chicken Tenders","M&S","","","https://images.openfoodfacts.org/images/products/000/000/002/4136/front_fr.3.400.jpg","openfoodfacts:uk"
"00024143","Scottish shortbread","Marks And Spencer","650 g","Snacks, Sweet snacks, Biscuits and cakes, Biscuits, Shortbread cookies, Shortbread, Scottish shortbread","https://images.openfoodfacts.org/images/products/000/000/002/4143/front_en.3.400.jpg","openfoodfacts:uk"
"00024280","All Butter Cookies","Marks & Spencer","","Snacks, Sweet snacks, Biscuits and cakes, Biscuits, Dry biscuits, Assortments of biscuits, fr:Biscuits pur beurre","https://images.openfoodfacts.org/images/products/000/000/002/4280/front_en.20.400.jpg","openfoodfacts:uk"
"0002440241463","","","","","https://images.openfoodfacts.org/images/products/000/244/024/1463/front_en.3.400.jpg","openfoodfacts:uk"
"00024679","Yorkshire Gold","M&S, Marks & Spencer","500 ml","Boissons, Boissons alcoolisées, Bières","https://images.openfoodfacts.org/images/products/000/000/002/4679/front_fr.5.400.jpg","openfoodfacts:uk"
"00024815","M&S smoked tomato sauce","Marks & Spencer","","Tomato sauce with oak smoked tomato puree, en:tomato-sauces","https://images.openfoodfacts.org/images/products/000/000/002/4815/front_fr.10.400.jpg","openfoodfacts:uk"
"00024907","Teriyaki Dip Sauce Marinade","Marks & Spencer","305 g","Condiments, Sauces, Barbecue sauces","https://images.openfoodfacts.org/images/products/000/000/002/4907/front_en.32.400.jpg","openfoodfacts:uk"
"0002505042943","Dr pepper crush","","","","https://images.openfoodfacts.org/images/products/000/250/504/2943/front_en.3.400.jpg","openfoodfacts:uk"
"00025270","Oakham Turkey Joint","Marks & Spencer","","","https://images.openfoodfacts.org/images/products/000/000/002/5270/front_en.3.400.jpg","openfoodfacts:uk"
"00025294","Hot smoked Scottish salmon sweet chilli marinade","M&S","","en:smoked-salmons","https://images.openfoodfacts.org/images/products/000/000/002/5294/front_en.23.400.jpg","openfoodfacts:uk"
"00025300","Hot Smoked Honey Roast Caledonian Gold Scottish Salmon","M&S","","Seafood, Fishes and their products, Fishes, Fatty fishes, Salmons, Smoked fishes, Smoked salmons","https://images.openfoodfacts.org/images/products/000/000/002/5300/front_en.3.400.jpg","openfoodfacts:uk"
"0002546004023","","","","","","openfoodfacts:uk"
"00025515","Sausage roll","Marks & Spencer","","","https://images.openfoodfacts.org/images/products/000/000/002/5515/front_en.8.400.jpg","openfoodfacts:uk"
"0002555512106","","","","roast chicken","https://images.openfoodfacts.org/images/products/000/255/551/2106/front_en.3.400.jpg","openfoodfacts:uk"
"00025621","Pork crackling straws","Marks & spencer","30 g","","https://images.openfoodfacts.org/images/products/000/000/002/5621/front_en.8.400.jpg","openfoodfacts:uk"
"00025744","Dinky Melton Mowbray Pork Pies","Marks & Spencer","250 g","Meals,Meats and their products,Pies,Pizzas pies and quiches,Double crust pies,Meals with meat,Salted pies,Meat pies,Pork meals,Pork pies","https://images.openfoodfacts.org/images/products/000/000/002/5744/front_en.38.400.jpg","openfoodfacts:uk"
"00025751","Honey roast ham","M&S","120 g","Viandes et dérivés, Viandes, Charcuteries, Jambons, Jambons blancs, en:Honey roast ham","https://images.openfoodfacts.org/images/products/000/000/002/5751/front_fr.34.400.jpg","openfoodfacts:uk"
"00025775","Marsh Samphire","M&S Collection","90g","Plant-based foods and beverages, Plant-based foods, Fruits and vegetables based foods, Vegetables based foods, Vegetables, en:fresh-vegetables","https://images.openfoodfacts.org/images/products/000/000/002/5775/front_en.26.400.jpg","openfoodfacts:uk"
"00025935","Sweet Crunchy Salad","Marks & Spencer","320g","Mixed Salad","https://images.openfoodfacts.org/images/products/000/000/002/5935/front_en.5.400.jpg","openfoodfacts:uk"
"00025942","Scottish Shortbreads","Marks & Spencer","","Snacks, Snacks sucrés, Biscuits et gâteaux, Biscuits, Biscuits sablés, Shortbread","https://images.openfoodfacts.org/images/products/000/000/002/5942/front_fr.4.400.jpg","openfoodfacts:uk"
"00026062","","Marks & Spencer","","","https://images.openfoodfacts.org/images/products/000/000/002/6062/front_fr.3.400.jpg","openfoodfacts:uk"
"0002649895900","","","","","https://images.openfoodfacts.org/images/products/000/264/989/5900/front_en.4.400.jpg","openfoodfacts:uk"
"00026857","","M&S","200 g","","https://images.openfoodfacts.org/images/products/000/000/002/6857/front_en.13.400.jpg","openfoodfacts:uk"
"00026970","Basil Pesto Marinated Italian Mozzarella","M&S Food","","Marinated pesto mozzarella, en:cheeses","https://images.openfoodfacts.org/images/products/000/000/002/6970/front_en.3.400.jpg","openfoodfacts:uk"
"00027137","Paupiette de volaille sauce forestière brocolis purée","Marks & Spencer","402 g","Snacks, Snacks sucrés, Biscuits et gâteaux, Gâteaux, Gâteaux au chocolat","https://images.openfoodfacts.org/images/products/000/000/002/7137/front_fr.15.400.jpg","openfoodfacts:uk"
"00027304","Ibérico ham jamón de cebo ibérico","Marks & Spencer, Specially Selected","","","https://images.openfoodfacts.org/images/products/000/000/002/7304/front_en.3.400.jpg","openfoodfacts:uk"
"0002731475140","","","","Cereal flakes","https://images.openfoodfacts.org/images/products/000/273/147/5140/front_en.3.400.jpg","openfoodfacts:uk"
"00028035","Date & Walnut Toasts","M&S","125 g","Gluten free toasts","https://images.openfoodfacts.org/images/products/000/000/002/8035/front_fr.15.400.jpg","openfoodfacts:uk"
"00028059","All butter viennese swirls","M&s","130 g","Biscuits","https://images.openfoodfacts.org/images/products/000/000/002/8059/front_en.8.400.jpg","openfoodfacts:uk"
"00028097","Biscuits Viennois au chocolat au lait","Marks & Spencer","135 g e","Snacks, Snacks sucrés, Biscuits et gâteaux, Biscuits, Biscuits au chocolat, Biscuits au chocolat au lait, Biscuits sablés","https://images.openfoodfacts.org/images/products/000/000/002/8097/front_fr.19.400.jpg","openfoodfacts:uk"
"00028202","Cornish Cruncher Cheddar & Pickled Onion Hand Cooked","Marks & Spencer","150 g e","Aliments et boissons à base de végétaux, Aliments d'origine végétale, Snacks, Céréales et pommes de terre, Snacks salés, Amuse-gueules, Chips et frites, Chips, Chips de pommes de terre, Chips de pommes de terre aromatisées, Chips fromage et oignon, Chips cheddar et oignon","https://images.openfoodfacts.org/images/products/000/000/002/8202/front_fr.3.400.jpg","openfoodfacts:uk"
"00028257","Salt marsh lamb& mint hand cook crips","M&S","","Chips and fries","https://images.openfoodfacts.org/images/products/000/000/002/8257/front_en.4.400.jpg","openfoodfacts:uk"
"00028271","Scottish All Butter Toffee & Pecan Shortbread Rounds","Marks & Spencer","180 g e","Snacks, Sweet snacks, Biscuits and cakes, Biscuits, Shortbread cookies, Shortbread","https://images.openfoodfacts.org/images/products/000/000/002/8271/front_en.24.400.jpg","openfoodfacts:uk"
"00028325","sweet Chilli crisps","Marks And Spencer","150 g","Plant-based foods and beverages, Plant-based foods, Snacks, Cereals and potatoes, Salty snacks, Appetizers, Chips and fries, Crisps, Potato crisps, Flavoured potato crisps, Potato crisps in sunflower oil, Sour cream and sweet chilli crisps","https://images.openfoodfacts.org/images/products/000/000/002/8325/front_en.18.400.jpg","openfoodfacts:uk"
"0002852037562","","","","","","openfoodfacts:uk"
"0002863545674","","","","","https://images.openfoodfacts.org/images/products/000/286/354/5674/front_en.3.400.jpg","openfoodfacts:uk"
"00028653","Jersey Milk Chocolate","Marks & Spencer","45 g e","Snacks, Snacks sucrés, Cacao et dérivés, Chocolats, Chocolats au lait","https://images.openfoodfacts.org/images/products/000/000/002/8653/front_fr.4.400.jpg","openfoodfacts:uk"
"00028813","Peaches & Cream Fudge","M&S","132 g","","https://images.openfoodfacts.org/images/products/000/000/002/8813/front_en.38.400.jpg","openfoodfacts:uk"
"00029100","garlic and parsley ciabatta sticks","Marks & Spencer","","Plant-based foods and beverages, Plant-based foods, Snacks, Cereals and potatoes, Salty snacks, Appetizers, Breads, Garlic breads","https://images.openfoodfacts.org/images/products/000/000/002/9100/front_en.13.400.jpg","openfoodfacts:uk"
"0002921002996","","","","","https://images.openfoodfacts.org/images/products/000/292/100/2996/front_en.3.400.jpg","openfoodfacts:uk"
"00029292","Italian ricotta, porcini & truffle mezzelune","M&S Food","250 g","Meals, Pasta dishes, Stuffed pastas, en:pastas","https://images.openfoodfacts.org/images/products/000/000/002/9292/front_en.3.400.jpg","openfoodfacts:uk"
"00029322","Mediterranean vegetable and pesto focaccia","Marks & Spencer","","","https://images.openfoodfacts.org/images/products/000/000/002/9322/front_en.3.400.jpg","openfoodfacts:uk"
"00029360","Butternut Squash Mezzelune","M&S Food","250 g","Meals,Pasta dishes,Stuffed pastas","https://images.openfoodfacts.org/images/products/000/000/002/9360/front_en.15.400.jpg","openfoodfacts:uk"
"00029452","Salmon fillets","Marks & Spencer","","Produits de la mer,Poissons et dérivés,Poissons,Poissons gras,Filets de poissons,Saumons,Filets de saumon","https://images.openfoodfacts.org/images/products/000/000/002/9452/front_fr.4.400.jpg","openfoodfacts:uk"
"0002953685129","Moroccan Style Chicken & Chickpea Soup","Sainsbury's Taste the Difference, Sainsbury's","600g","Soups","https://images.openfoodfacts.org/images/products/000/295/368/5129/front_en.3.400.jpg","openfoodfacts:uk"
"00029568","Liquorice Catherine Wheels","Marks & Spencer","113 g e","Snacks, Snacks sucrés, Confiseries, Bonbons, Bonbons au réglisse","https://images.openfoodfacts.org/images/products/000/000/002/9568/front_fr.8.400.jpg","openfoodfacts:uk"
"0002959546042","","","","","https://images.openfoodfacts.org/images/products/000/295/954/6042/front_en.3.400.jpg","openfoodfacts:uk"
"00029681","","","350 g","","https://images.openfoodfacts.org/images/products/000/000/002/9681/front_en.3.400.jpg","openfoodfacts:uk"
"00029773","Yb red kidney beans","","240","","https://images.openfoodfacts.org/images/products/000/000/002/9773/front_en.3.400.jpg","openfoodfacts:uk"
"0002983508023","Premium Large Pain Au Chocolat","Tamimi","","","","openfoodfacts:uk"
"0002985131465","","","","","https://images.openfoodfacts.org/images/products/000/298/513/1465/front_en.4.400.jpg","openfoodfacts:uk"
"0002989065193","","","","","https://images.openfoodfacts.org/images/products/000/298/906/5193/front_en.3.400.jpg","openfoodfacts:uk"
"0002999694666","","","","","https://images.openfoodfacts.org/images/products/000/299/969/4666/front_en.3.400.jpg","openfoodfacts:uk"
"00030014","Apple, Coconut Water, Cucumber, Spinach","M&S","","","https://images.openfoodfacts.org/images/products/000/000/003/0014/front_fr.4.400.jpg","openfoodfacts:uk"
"00030021","Egg & Spinach","M&S Food","105 g","","https://images.openfoodfacts.org/images/products/000/000/003/0021/front_en.14.400.jpg","openfoodfacts:uk"
"0003003436067","","","","","https://images.openfoodfacts.org/images/products/000/300/343/6067/front_en.3.400.jpg","openfoodfacts:uk"
"00030045","Iced Tea Spanish Peach","Marks & Spencer","","Aliments et boissons à base de végétaux, Boissons, Boissons à base de végétaux, Boissons au thé, Thés glacés, Thés glacés saveur pêche, Boissons avec sucre ajouté","https://images.openfoodfacts.org/images/products/000/000/003/0045/front_fr.11.400.jpg","openfoodfacts:uk"
"00030083","Lemonade","Sainsbury's","","Beverages, Carbonated drinks, Sodas, Lemonade, Sweetened beverages","https://images.openfoodfacts.org/images/products/000/000/003/0083/front_en.3.400.jpg","openfoodfacts:uk"
"00030113","Jus pressé ananas, gingembre, pomme, citron","Marks & Spencdjdj","250 ml","Aliments et boissons à base de végétaux, Boissons, Boissons à base de végétaux, Boissons aux fruits, Jus et nectars, Jus de fruits, Jus multifruits","https://images.openfoodfacts.org/images/products/000/000/003/0113/front_en.22.400.jpg","openfoodfacts:uk"
"00030175","Riesling","William well","","","","openfoodfacts:uk"
"00030182","HAND COOKED sweet chilli crisps","M&S","340 g","Plant-based foods and beverages,Plant-based foods,Fruits and vegetables based foods,Breakfasts,Spreads,Fruits based foods,Plant-based spreads,Sweet spreads,Fruit and vegetable preserves,Jams,Berry jams,Blackcurrant jams","https://images.openfoodfacts.org/images/products/000/000/003/0182/front_en.61.400.jpg","openfoodfacts:uk"
"0003020704439","Serious protein cookies & cream","The bulk protein company","","","","openfoodfacts:uk"
"0003030000002","","","","","https://images.openfoodfacts.org/images/products/000/303/000/0002/front_en.3.400.jpg","openfoodfacts:uk"
"00030908","All Butter Summer Trifle Cookies","Marks & Spencer","225 g","Snacks, Desserts, Sweet snacks, Biscuits and cakes, Biscuits, Trifles","https://images.openfoodfacts.org/images/products/000/000/003/0908/front_en.13.400.jpg","openfoodfacts:uk"
"00030991","Pineapple, cucumber, celery, jalapeno + Kale","M&S","","","https://images.openfoodfacts.org/images/products/000/000/003/0991/front_en.13.400.jpg","openfoodfacts:uk"
"00031059","English Muffins","Marks & Spencer","260 g (4 * 75 g)","Aliments et boissons à base de végétaux, Aliments d'origine végétale, Céréales et pommes de terre, Pains, Pains spéciaux, Pains Muffins","https://images.openfoodfacts.org/images/products/000/000/003/1059/front_en.33.400.jpg","openfoodfacts:uk"
"00031080","","M&S","180 g (2 x 90 g)","Plant-based foods and beverages,Plant-based foods,Snacks,Cereals and potatoes,Sweet snacks,Biscuits and cakes,Cereals and their products,Breads,Sweet pastries and pies,Cakes,Viennoiseries,Brioches,Bread rolls,Brioche filled with fruits,Soft cake filled with fruits","https://images.openfoodfacts.org/images/products/000/000/003/1080/front_fr.27.400.jpg","openfoodfacts:uk"
"0003120011123","","","","","https://images.openfoodfacts.org/images/products/000/312/001/1123/front_en.5.400.jpg","openfoodfacts:uk"
"00031271","Pomegranate","","","","https://images.openfoodfacts.org/images/products/000/000/003/1271/front_en.8.400.jpg","openfoodfacts:uk"
"00031394","Gâteau à la Carotte avec des Noix","Marks & Spencer,M&S","75 g e","Snacks, Snacks sucrés, Biscuits et gâteaux, Gâteaux, Carrot cakes","https://images.openfoodfacts.org/images/products/000/000/003/1394/front_fr.4.400.jpg","openfoodfacts:uk"
"00031479","Sweet & Crunchy Salad","M&S Food","200g","Mixed Salad","","openfoodfacts:uk"
"00031615","Mexican Style Rice and Avocado","M&S Food","200g","Rice salads","https://images.openfoodfacts.org/images/products/000/000/003/1615/front_en.17.400.jpg","openfoodfacts:uk"
"00031844","Golden sirup","Sainsbury's","","","https://images.openfoodfacts.org/images/products/000/000/003/1844/front_fr.4.400.jpg","openfoodfacts:uk"
"00032056","Spaghetti","Sainsbury's","500g","Plant-based foods and beverages, Beverages, Plant-based foods, Hot beverages, Plant-based beverages, Pastas, Herbal teas, Dry pastas, Chamomile, en:durum-wheat-pasta","https://images.openfoodfacts.org/images/products/000/000/003/2056/front_en.25.400.jpg","openfoodfacts:uk"
"00032155","Spaghetti","Sainsbury's","1kg","Plant-based foods and beverages, Plant-based foods, Pastas, Spaghetti","https://images.openfoodfacts.org/images/products/000/000/003/2155/front_en.3.400.jpg","openfoodfacts:uk"
"00032247","Cornish Creamery Whole Milk","M&S Food","","Dairies, Milks, Whole milks","https://images.openfoodfacts.org/images/products/000/000/003/2247/front_en.3.400.jpg","openfoodfacts:uk"
"00032292","Sparkling British Elderflower Presse","M&S","330 ml","","https://images.openfoodfacts.org/images/products/000/000/003/2292/front_fr.4.400.jpg","openfoodfacts:uk"
"00032308","British Rhubarb Presse With Ginger","M&S","330 ml","","https://images.openfoodfacts.org/images/products/000/000/003/2308/front_fr.3.400.jpg","openfoodfacts:uk"
"00032339","Hog roast sausage roll","Marks & Spencer","","","https://images.openfoodfacts.org/images/products/000/000/003/2339/front_en.3.400.jpg","openfoodfacts:uk"
"0003250999223","Original Hot Sauce","Sauce Shop","","Condiments, Sauces, Hot sauces","https://images.openfoodfacts.org/images/products/000/325/099/9223/front_en.3.400.jpg","openfoodfacts:uk"
"00032582","Decorated hollow white chocolate Arendelle Castle","M&S","220 g","Snacks, Sweet snacks, Cocoa and its products, Chocolates, Chocolate molds, Chocolate castle","https://images.openfoodfacts.org/images/products/000/000/003/2582/front_en.6.400.jpg","openfoodfacts:uk"
"00032681","6 Pork Loin Steaks","Marks & Spencer","600 g","Meats and their products, Meats, Pork and its products, Pork","https://images.openfoodfacts.org/images/products/000/000/003/2681/front_en.3.400.jpg","openfoodfacts:uk"
"00032735","sticky ginger loaf cake","Marks & Spencer","","","https://images.openfoodfacts.org/images/products/000/000/003/2735/front_en.3.400.jpg","openfoodfacts:uk"
"00032957","Apricot halves in fruit juice","Sainsbury's","","Plant-based foods and beverages, Plant-based foods, Canned foods, Fruits and vegetables based foods, Canned plant-based foods, Fruits based foods, Fruits, Canned fruits, Apricots, Apricot Halves in Juice, Apricots in juice","https://images.openfoodfacts.org/images/products/000/000/003/2957/front_en.3.400.jpg","openfoodfacts:uk"
"00032971","Pear Halves in refined fruit juice","Sainsbury's","411g","Plant-based foods and beverages,Plant-based foods,Canned foods,Canned plant-based foods,Canned fruits,Pears in syrup","https://images.openfoodfacts.org/images/products/000/000/003/2971/front_en.29.400.jpg","openfoodfacts:uk"
"0003300157948","","","","","https://images.openfoodfacts.org/images/products/000/330/015/7948/front_en.3.400.jpg","openfoodfacts:uk"
"00033046","British Beef Braising Steak","Simply M&S,Marks & Spencer","450 g","Meats and their products, Beef and its products, Meats, Beef","https://images.openfoodfacts.org/images/products/000/000/003/3046/front_en.6.400.jpg","openfoodfacts:uk"
"00033312","Compote de pomme banane","Sainsbury's","200 g","Aliments et boissons à base de végétaux, Aliments d'origine végétale, Aliments à base de fruits et de légumes, Desserts, Fruits et produits dérivés, Compotes, Compotes de pomme, Compotes pommes banane","https://images.openfoodfacts.org/images/products/000/000/003/3312/front_fr.23.400.jpg","openfoodfacts:uk"
"0003334004836","Free range egg protein pot","Tesco","","","","openfoodfacts:uk"
"0003337654663","","","","Plant-based foods and beverages, Plant-based foods, Fruits and vegetables based foods, Fruits based foods, Fruits","https://images.openfoodfacts.org/images/products/000/333/765/4663/front_en.3.400.jpg","openfoodfacts:uk"
"0003339897037","","","","","https://images.openfoodfacts.org/images/products/000/333/989/7037/front_en.3.400.jpg","openfoodfacts:uk"
"0003344910301","","","","Honey","https://images.openfoodfacts.org/images/products/000/334/491/0301/front_de.3.400.jpg","openfoodfacts:uk"
"0003347863185","","","","","https://images.openfoodfacts.org/images/products/000/334/786/3185/front_en.3.400.jpg","openfoodfacts:uk"
"00033831","","Tesco","","","https://images.openfoodfacts.org/images/products/000/000/003/3831/front_en.3.400.jpg","openfoodfacts:uk"
"0003383103405","Sussex Halloumi","","","Dairies, Fermented foods, Fermented milk products, Cheeses, Meat alternatives, Cypriot cheeses, Grilling cheeses, Halloumi","https://images.openfoodfacts.org/images/products/000/338/310/3405/front_en.3.400.jpg","openfoodfacts:uk"
"00033893","West country luxury yogurt Rhubarb Custard","Marks & Spencer","150 g","Dairies, Fermented foods, Desserts, Fermented milk products, Dairy desserts, Fermented dairy desserts, Fermented dairy desserts with fruits, Yogurts, Fruit yogurts, Cow milk yogurts, Rhubarb yogurts","https://images.openfoodfacts.org/images/products/000/000/003/3893/front_en.15.400.jpg","openfoodfacts:uk"
"00033909","Victoria plum and bergamot yogurt","M&S","","Produits laitiers, Produits fermentés, Desserts, Produits laitiers fermentés, Desserts lactés, Desserts lactés fermentés, Yaourts","https://images.openfoodfacts.org/images/products/000/000/003/3909/front_fr.16.400.jpg","openfoodfacts:uk"
"00034043","Pink salmon","Sainsbury's","","","https://images.openfoodfacts.org/images/products/000/000/003/4043/front_en.13.400.jpg","openfoodfacts:uk"
"0003404449048","","","","","","openfoodfacts:uk"
"0003404566066","","","210 g","","","openfoodfacts:uk"
"00034067","Pink Salmon","Sainsbury's","","Seafood, Fishes and their products, Canned foods, Fishes, Canned fishes, en:salmons","https://images.openfoodfacts.org/images/products/000/000/003/4067/front_en.3.400.jpg","openfoodfacts:uk"
"0003409017341","","Doritos","","","https://images.openfoodfacts.org/images/products/000/340/901/7341/front_en.3.400.jpg","openfoodfacts:uk"
"00034104","","Sainsbury's, Sainsburys","","","","openfoodfacts:uk"
"00034289","","Marks & Spencer","260 g","","https://images.openfoodfacts.org/images/products/000/000/003/4289/front_en.3.400.jpg","openfoodfacts:uk"
"0003453760934","","","","","","openfoodfacts:uk"
"0003464096060","","","200 g","Baked beans in tomato sauce","https://images.openfoodfacts.org/images/products/000/346/409/6060/front_en.3.400.jpg","openfoodfacts:uk"
"00034944","Scottish lamb mince","Marks & Spencer","","","https://images.openfoodfacts.org/images/products/000/000/003/4944/front_en.3.400.jpg","openfoodfacts:uk"
"00034951","Grapefruit segments in fruit juice","Sainsburys","290g drained weight","Plant-based foods and beverages,Plant-based foods,Canned foods,Canned plant-based foods,Canned fruits,Canned fruits in juice,Grapefruits","https://images.openfoodfacts.org/images/products/000/000/003/4951/front_en.3.400.jpg","openfoodfacts:uk"
"0003504000330","","","","","https://images.openfoodfacts.org/images/products/000/350/400/0330/front_en.5.400.jpg","openfoodfacts:uk"
"0003507450590","chocolush","shaken udder","750 ml","Beverages, Dairies, Dairy drinks, Flavoured milks, Chocolate milks","https://images.openfoodfacts.org/images/products/000/350/745/0590/front_en.3.400.jpg","openfoodfacts:uk"
"0003526686314","Flat Leaf Parsley","Tesco","15g","Fresh parsley","https://images.openfoodfacts.org/images/products/000/352/668/6314/front_en.3.400.jpg","openfoodfacts:uk"
"00035309","British Cox Apples","Sainsbury's","6","","https://images.openfoodfacts.org/images/products/000/000/003/5309/front_en.3.400.jpg","openfoodfacts:uk"
"00035415","Casserole vegetable mix","Marks and Spencer","","","https://images.openfoodfacts.org/images/products/000/000/003/5415/front_en.4.400.jpg","openfoodfacts:uk"
"00035460","6 Breaded Jumbo Tiger Prawns","Marks & Spencer","144 g e","Produits de la mer, Plats préparés, Produits panés, Réfrigérés, Plats préparés réfrigérés, Crevettes panées","https://images.openfoodfacts.org/images/products/000/000/003/5460/front_fr.11.400.jpg","openfoodfacts:uk"
"00035545","Soft Grain Rolls","M&S","4 x 75g","Bread roll, en:breads","https://images.openfoodfacts.org/images/products/000/000/003/5545/front_en.25.400.jpg","openfoodfacts:uk"
"00035620","Cornish Cove Medium","","","","https://images.openfoodfacts.org/images/products/000/000/003/5620/front_en.3.400.jpg","openfoodfacts:uk"
"0003590097863","","","","","https://images.openfoodfacts.org/images/products/000/359/009/7863/front_en.3.400.jpg","openfoodfacts:uk"
"00035934","Chicken kiev","Marks & Spencer","","Meats and their products, Meat preparations, Meats, Chicken and its products, Poultries, Chicken preparations, Breaded products, Chickens, Chicken kievs, en:breaded-chicken","https://images.openfoodfacts.org/images/products/000/000/003/5934/front_en.19.400.jpg","openfoodfacts:uk"
"00036085","M&S cheese and onion pie","Falcon EB","","","","openfoodfacts:uk"
"0003616528005","","","","Coconut milks and creams","https://images.openfoodfacts.org/images/products/000/361/652/8005/front_en.3.400.jpg","openfoodfacts:uk"
"00036351","Pork belly hog roast","Marks and Spencer","480g","Meats and their products,Meats,Pork and its products,Pork,Pork belly","https://images.openfoodfacts.org/images/products/000/000/003/6351/front_en.25.400.jpg","openfoodfacts:uk"
"00036856","Apricot jam","Sainsbury's","454 g","Plant-based foods and beverages, Plant-based foods, Breakfasts, Spreads, Plant-based spreads, Sweet spreads, Fruit and vegetable preserves, Jams, Apricot jams","https://images.openfoodfacts.org/images/products/000/000/003/6856/front_en.31.400.jpg","openfoodfacts:uk"
"00037174","","Doritos, Walkers","","","https://images.openfoodfacts.org/images/products/000/000/003/7174/front_en.3.400.jpg","openfoodfacts:uk"
"00037631","2 yellowfin tuna steaks","","","Seafood, Fishes and their products, Fishes, Fatty fishes, Tunas, Tuna steaks, Yellowfin tuna steaks","https://images.openfoodfacts.org/images/products/000/000/003/7631/front_en.6.400.jpg","openfoodfacts:uk"
"00037730","Rapberry Jam","Sainsbury’s","454g","Plant-based foods and beverages, Plant-based foods, Breakfasts, Fruits and vegetables based foods, Spreads, Fruits based foods, Plant-based spreads, Sweet spreads, Fruit and vegetable preserves, Jams, Berry jams, Raspberry jams","https://images.openfoodfacts.org/images/products/000/000/003/7730/front_en.3.400.jpg","openfoodfacts:uk"
"0003773960175","Sparkling Spring Water","Kirkland Signature","5ooml","Beverages and beverages preparations,Beverages,Carbonated drinks,Carbonated mineral waters","https://images.openfoodfacts.org/images/products/000/377/396/0175/front_en.3.400.jpg","openfoodfacts:uk"
"0003800123078","Eggo Waffles Gluten Free","Kellggs","","Snacks, Sweet snacks, Biscuits and cakes, Pastries, Waffles","","openfoodfacts:uk"
"00038102","Victoria Sponge Muffin","","","Snacks, Sweet snacks, Biscuits and cakes, Cakes, Muffins, en:pastries","https://images.openfoodfacts.org/images/products/000/000/003/8102/front_en.3.400.jpg","openfoodfacts:uk"
"00038294","Morrisons the best crips","Morrisons","","","","openfoodfacts:uk"
"00038317","AUTHENTIC GREEK YOGURT","Marks & Spencers","00038317 g","Greek-style yogurts","https://images.openfoodfacts.org/images/products/000/000/003/8317/front_en.27.400.jpg","openfoodfacts:uk"
"0003850454450","","","100 g","","https://images.openfoodfacts.org/images/products/000/385/045/4450/front_en.3.400.jpg","openfoodfacts:uk"
"00038683","","By Sainsbury's","","","https://images.openfoodfacts.org/images/products/000/000/003/8683/front_en.3.400.jpg","openfoodfacts:uk"
"00039185","Toffee Sundae","M&S Food, Marks & Spencer","130 g","Caramel creamy puddings","https://images.openfoodfacts.org/images/products/000/000/003/9185/front_en.14.400.jpg","openfoodfacts:uk"
"00039277","Pigs in Blankets x 16","Marks and Spencer","380g","","https://images.openfoodfacts.org/images/products/000/000/003/9277/front_en.7.400.jpg","openfoodfacts:uk"
"00039352","6 Olde english farmhouse pork sausages","M&S","","Meats and their products, Meats, Prepared meats, Sausages","https://images.openfoodfacts.org/images/products/000/000/003/9352/front_en.23.400.jpg","openfoodfacts:uk"
"00039420","Vegetable gyozas with ponzu dips","Marks & Spencer","","","https://images.openfoodfacts.org/images/products/000/000/003/9420/front_en.3.400.jpg","openfoodfacts:uk"
"00039444","White chocolate cake","Marks & Spencer","","en:cakes","https://images.openfoodfacts.org/images/products/000/000/003/9444/front_en.3.400.jpg","openfoodfacts:uk"
"0003979467546","","","","","","openfoodfacts:uk"
"00039826","Cooked Ham","M&S","","en:white-hams","https://images.openfoodfacts.org/images/products/000/000/003/9826/front_en.13.400.jpg","openfoodfacts:uk"
"0003989286915","mighty meaty pasta","","","ready meals","https://images.openfoodfacts.org/images/products/000/398/928/6915/front_en.3.400.jpg","openfoodfacts:uk"
"0004002036012","","","","","https://images.openfoodfacts.org/images/products/000/400/203/6012/front_en.3.400.jpg","openfoodfacts:uk"
"0004005000096","","","","","https://images.openfoodfacts.org/images/products/000/400/500/0096/front_en.3.400.jpg","openfoodfacts:uk"
"0004012257742","","","","","https://images.openfoodfacts.org/images/products/000/401/225/7742/front_en.3.400.jpg","openfoodfacts:uk"
"0004016300147","","","","Teriyaki sauces","https://images.openfoodfacts.org/images/products/000/401/630/0147/front_en.3.400.jpg","openfoodfacts:uk"
"0004021120174","","","","","https://images.openfoodfacts.org/images/products/000/402/112/0174/front_en.3.400.jpg","openfoodfacts:uk"
"0004030005998","","","","","https://images.openfoodfacts.org/images/products/000/403/000/5998/front_en.3.400.jpg","openfoodfacts:uk"
"0004030487800","","","","Frozen plant sausage rolls","https://images.openfoodfacts.org/images/products/000/403/048/7800/front_en.3.400.jpg","openfoodfacts:uk"
"0004033034674","Howdah GIVE BACK AS YOU SNACK 1 PACK-1 FREE SCHOOL","","","","","openfoodfacts:uk"
"0004035032432","Chinese Salt & Chilli Pepper Seasoning","Mayflower","280grams","Seasoning,Herbs and spices","https://images.openfoodfacts.org/images/products/000/403/503/2432/front_en.17.400.jpg","openfoodfacts:uk"
"0004035213947","Super Seeds Salad Topper","","","Salad topper","https://images.openfoodfacts.org/images/products/000/403/521/3947/front_en.3.400.jpg","openfoodfacts:uk"
"0004040690191","","","2 x 145 g","Snacks, Desserts, Sweet snacks, Biscuits and cakes, Pastries, Crumbles","https://images.openfoodfacts.org/images/products/000/404/069/0191/front_en.14.400.jpg","openfoodfacts:uk"
"0004045000575","lizis granola","lizis granola","450g","","https://images.openfoodfacts.org/images/products/000/404/500/0575/front_en.3.400.jpg","openfoodfacts:uk"
"00040464","Medium Ripe Avocado","Fresh Avocados","1 cup, pureed","Produce","https://images.openfoodfacts.org/images/products/000/000/004/0464/front_en.3.400.jpg","openfoodfacts:uk"
"0004049060766","sugar ping doughnuts","","","","","openfoodfacts:uk"
"0004049441633","","","","","https://images.openfoodfacts.org/images/products/000/404/944/1633/front_en.15.400.jpg","openfoodfacts:uk"
"0004049498842","","","","","https://images.openfoodfacts.org/images/products/000/404/949/8842/front_en.5.400.jpg","openfoodfacts:uk"
"0004050586064","","","","","https://images.openfoodfacts.org/images/products/000/405/058/6064/front_en.3.400.jpg","openfoodfacts:uk"
"0004064334309","","","","","https://images.openfoodfacts.org/images/products/000/406/433/4309/front_en.3.400.jpg","openfoodfacts:uk"
"0004067008191","","","","Flour","https://images.openfoodfacts.org/images/products/000/406/700/8191/front_en.3.400.jpg","openfoodfacts:uk"
"0004080200817","","","","Breakfast cereals","https://images.openfoodfacts.org/images/products/000/408/020/0817/front_en.3.400.jpg","openfoodfacts:uk"
"0004084762212","","","85 g","Snacks, Salty snacks, Appetizers, Chips and fries, Crisps","https://images.openfoodfacts.org/images/products/000/408/476/2212/front_en.3.400.jpg","openfoodfacts:uk"
"0004089085682","","","","","https://images.openfoodfacts.org/images/products/000/408/908/5682/front_en.3.400.jpg","openfoodfacts:uk"
"0004089301447","","","","","https://images.openfoodfacts.org/images/products/000/408/930/1447/front_en.3.400.jpg","openfoodfacts:uk"
"0004089535194","Asda sticky Chinese style chicken stir-fry","Asda","650g","","https://images.openfoodfacts.org/images/products/000/408/953/5194/front_en.3.400.jpg","openfoodfacts:uk"
"00041010","Apple","Braeburn","","Fruit","","openfoodfacts:uk"
"0004104306969","8 CHORIZO & GOUDA ROLLITOS by Sainsbury's Per roll","","","","","openfoodfacts:uk"
"0004104392047","","","","oatcake","https://images.openfoodfacts.org/images/products/000/410/439/2047/front_en.15.400.jpg","openfoodfacts:uk"
"0004104459085","","","","Plant-based foods and beverages, Plant-based foods, Fruits and vegetables based foods, Vegetables based foods, Vegetables, Salads without dressing","https://images.openfoodfacts.org/images/products/000/410/445/9085/front_en.3.400.jpg","openfoodfacts:uk"
"00041089","Marks & Spencer Frozen Croissanrs","Marks And Spencer","","Snacks, Sweet snacks, Sweet pastries and pies, Viennoiseries, Croissants, Butter croissants, en:pastries","https://images.openfoodfacts.org/images/products/000/000/004/1089/front_en.24.400.jpg","openfoodfacts:uk"
"00041102","Ready to Bake Pains au Chocolat","Marks & Spencer","480g","Snacks, Sweet snacks, Viennoiseries, Chocolate croissant, Breakfast pastry","https://images.openfoodfacts.org/images/products/000/000/004/1102/front_en.3.400.jpg","openfoodfacts:uk"
"0004114064316","","","","","","openfoodfacts:uk"
"0004119360048","scottish rapesed oil","Borderfields","500ml","Plant-based foods and beverages, Plant-based foods, Fats, Vegetable fats, Vegetable oils, Rapeseed oils","https://images.openfoodfacts.org/images/products/000/411/936/0048/front_en.3.400.jpg","openfoodfacts:uk"
"00041287","","","","en:apples","https://images.openfoodfacts.org/images/products/000/000/004/1287/front_en.3.400.jpg","openfoodfacts:uk"
"00041393","Granny Smith apple","","","Plant-based foods and beverages, Plant-based foods, Fruits and vegetables based foods, Fruits based foods, Fruits, Apples, Acidic apples, Granny Smith apples, en:fresh-apples","https://images.openfoodfacts.org/images/products/000/000/004/1393/front_en.3.400.jpg","openfoodfacts:uk"
"0004140641406","NOW MADE WITH วาด 25% PLASTIC RECYCLED hand-cooked","","","","","openfoodfacts:uk"
"0004144542693","Sharwood's 8 Plain Poppadoms","","","","","openfoodfacts:uk"
"0004145605403","","","634 g","Dietary supplements, Bodybuilding supplements, Creatine","https://images.openfoodfacts.org/images/products/000/414/560/5403/front_en.3.400.jpg","openfoodfacts:uk"
"00041461","Raie","Lidl","128 g","","https://images.openfoodfacts.org/images/products/000/000/004/1461/front_en.10.400.jpg","openfoodfacts:uk"
"0004151002470","","","","","https://images.openfoodfacts.org/images/products/000/415/100/2470/front_en.3.400.jpg","openfoodfacts:uk"
"0004169610544","","","10 x 180 ml","Kids smoothie","https://images.openfoodfacts.org/images/products/000/416/961/0544/front_en.3.400.jpg","openfoodfacts:uk"
"00041737","Royal Gala Apple","","","Plant-based foods and beverages, Plant-based foods, Fruits and vegetables based foods, Fruits based foods, Fruits","https://images.openfoodfacts.org/images/products/000/000/004/1737/front_en.3.400.jpg","openfoodfacts:uk"
"0004183080484","Turnovers","","200 g","","https://images.openfoodfacts.org/images/products/000/418/308/0484/front_en.3.400.jpg","openfoodfacts:uk"
"0004183081801","Strawberry Mini Rolls","Cabico","","","https://images.openfoodfacts.org/images/products/000/418/308/1801/front_en.3.400.jpg","openfoodfacts:uk"
"0004192376400","","","130 g","Apple pulp and peel","https://images.openfoodfacts.org/images/products/000/419/237/6400/front_en.3.400.jpg","openfoodfacts:uk"
"00042024","Blue Tit Chocolate Eggs","The Chocolate Detective","","","https://images.openfoodfacts.org/images/products/000/000/004/2024/front_en.3.400.jpg","openfoodfacts:uk"
"0004204544001","10180 1500 Sainsbury's Free from GLUTEN Lemon Driz","","","","","openfoodfacts:uk"
"00042161","2 Duck Breast. Portions","M&S Select Farms","265g","Meats and their products, Meats, Poultries, Ducks, Duck breasts, en:poultry-meals","https://images.openfoodfacts.org/images/products/000/000/004/2161/front_en.3.400.jpg","openfoodfacts:uk"
"0004220026796","","","","","https://images.openfoodfacts.org/images/products/000/422/002/6796/front_en.3.400.jpg","openfoodfacts:uk"
"0004224006930","","","","","https://images.openfoodfacts.org/images/products/000/422/400/6930/front_en.3.400.jpg","openfoodfacts:uk"
"0004242394446","","","","Ciabatta","https://images.openfoodfacts.org/images/products/000/424/239/4446/front_en.3.400.jpg","openfoodfacts:uk"
"0004243394643","","","","ciabatta rolls","https://images.openfoodfacts.org/images/products/000/424/339/4643/front_en.3.400.jpg","openfoodfacts:uk"
"0004255507765","","","","","","openfoodfacts:uk"
"00042666","","Sainsburys","","Microwave meals","https://images.openfoodfacts.org/images/products/000/000/004/2666/front_en.3.400.jpg","openfoodfacts:uk"
"00042710","Cornish cold butter","Marks & Spencer","","en:butters","https://images.openfoodfacts.org/images/products/000/000/004/2710/front_en.3.400.jpg","openfoodfacts:uk"
"0004300020119","Jell-O Gelatin Dessert Berry Blue","Kraft","","","","openfoodfacts:uk"
"0004300420032","","","200 g","M&S habanero chilli corn tortilla chips","https://images.openfoodfacts.org/images/products/000/430/042/0032/front_en.3.400.jpg","openfoodfacts:uk"
"0004308424377","MANCE NATURE Cocoa MILK CHOCOLATE PUMPKINS by Sain","","","","","openfoodfacts:uk"
"0004324005000","","","","nuts","https://images.openfoodfacts.org/images/products/000/432/400/5000/front_en.3.400.jpg","openfoodfacts:uk"
"0004330021100","","","","","","openfoodfacts:uk"
"0004330039921","Roasted Sweet Potato, Hot Honey & Pickled Red Onion","Sainsbury's Taste The Difference, Sainsbury's","","Vegetables, Prepared vegetables","","openfoodfacts:uk"
"0004330432210","","","","Plant-based foods and beverages, Beverages, Hot beverages, Plant-based beverages, Teas, Tea bags","","openfoodfacts:uk"
"0004331222902","Kefir Protein Drink","Biotiful","","","","openfoodfacts:uk"
"0004335125889","Frozen Shrimp","Lidl","","","","openfoodfacts:uk"
"0004337003444","Grated Cheese","Stamford Street","","","https://images.openfoodfacts.org/images/products/000/433/700/3444/front_en.3.400.jpg","openfoodfacts:uk"
"0004345642017","Pure Whey Chocolate","Bulk","","","","openfoodfacts:uk"
"0004347525110","","","","vanilla yoghurt","https://images.openfoodfacts.org/images/products/000/434/752/5110/front_en.3.400.jpg","openfoodfacts:uk"
"0004361072072","","","","","https://images.openfoodfacts.org/images/products/000/436/107/2072/front_en.3.400.jpg","openfoodfacts:uk"
"0004361108320","Whole Earth","Crunchy Organic Peanut Butter","340gm","","https://images.openfoodfacts.org/images/products/000/436/110/8320/front_en.3.400.jpg","openfoodfacts:uk"
"00043618","Lightly salted giant corn","M&S","140g","Plant-based foods and beverages, Plant-based foods, Nuts and their products, Nuts","https://images.openfoodfacts.org/images/products/000/000/004/3618/front_en.21.400.jpg","openfoodfacts:uk"
"00043632","Lightly salted habas fritas","Marks & Spencer","","","https://images.openfoodfacts.org/images/products/000/000/004/3632/front_en.13.400.jpg","openfoodfacts:uk"
"0004364067051","get more vits","","","","https://images.openfoodfacts.org/images/products/000/436/406/7051/front_en.3.400.jpg","openfoodfacts:uk"
"00043649","Jalapeno Giant Corn","","140g","","https://images.openfoodfacts.org/images/products/000/000/004/3649/front_en.11.400.jpg","openfoodfacts:uk"
"0004374300162","Low Sugar Grain Free Granola","The Paleo Foods Co","","","https://images.openfoodfacts.org/images/products/000/437/430/0162/front_en.3.400.jpg","openfoodfacts:uk"
"0004378650300","Emily Veg Thins","Emily Veg Thins","23g","Snacks,Salty snacks,Appetizers,Chips and fries,Crisps","https://images.openfoodfacts.org/images/products/000/437/865/0300/front_en.3.400.jpg","openfoodfacts:uk"
"0004382000283","","","500 g","Bread mix","https://images.openfoodfacts.org/images/products/000/438/200/0283/front_en.3.400.jpg","openfoodfacts:uk"
"0004383262918","Candy Kittens Wild Strawberry","Candy Kittens","","","","openfoodfacts:uk"
"0004400785444","","","","Meals, Couscous","https://images.openfoodfacts.org/images/products/000/440/078/5444/front_en.3.400.jpg","openfoodfacts:uk"
"0004400867140","","","","Fresh Green pesto","https://images.openfoodfacts.org/images/products/000/440/086/7140/front_en.3.400.jpg","openfoodfacts:uk"
"0004400875077","Tomato & Basil Sauce","M&S","","","","openfoodfacts:uk"
"00044196","Cantina Style Corn Tortillas","M&S","150 g","Snacks, Salty snacks, Appetizers, Chips and fries, Crisps, Corn chips","https://images.openfoodfacts.org/images/products/000/000/004/4196/front_en.54.400.jpg","openfoodfacts:uk"
"0004430013036","","","","","https://images.openfoodfacts.org/images/products/000/443/001/3036/front_en.3.400.jpg","openfoodfacts:uk"
"0004443169935","","Sainsbury's","300g","Vegetables","https://images.openfoodfacts.org/images/products/000/444/316/9935/front_en.4.400.jpg","openfoodfacts:uk"
"0004444401287","Cream Crackers","Sainsbury's","","cream-crackers, da:crackers","https://images.openfoodfacts.org/images/products/000/444/440/1287/front_en.3.400.jpg","openfoodfacts:uk"
"0004444404660","Bombay Mix","Sainsbury's","","","https://images.openfoodfacts.org/images/products/000/444/440/4660/front_en.3.400.jpg","openfoodfacts:uk"
"0004444648637","","","","","","openfoodfacts:uk"
"0004444678924","Popping Corn","Sainsbury’s","","","","openfoodfacts:uk"
"0004444854434","","","","","https://images.openfoodfacts.org/images/products/000/444/485/4434/front_en.3.400.jpg","openfoodfacts:uk"
"0004445391471","","","","Dairies,Yoghurt","https://images.openfoodfacts.org/images/products/000/444/539/1471/front_en.3.400.jpg","openfoodfacts:uk"
"0004445602911","","","","","https://images.openfoodfacts.org/images/products/000/444/560/2911/front_en.3.400.jpg","openfoodfacts:uk"
"0004454301485","","","","grain bowl","https://images.openfoodfacts.org/images/products/000/445/430/1485/front_en.7.400.jpg","openfoodfacts:uk"
"0004460342601","SA TESCO P BLACK PEPPERCORNS PUNCHY & PIQUANT VA","","","","","openfoodfacts:uk"
"0004469700822","Protein flapjacks","Jbs trek","","","https://images.openfoodfacts.org/images/products/000/446/970/0822/front_en.3.400.jpg","openfoodfacts:uk"
"0004471692016","Chickpea Puff Snacks Salt & Vinegar Vibes","Hippeas","15g","Snacks, Salty snacks, Appetizers, Chips and fries, Crisps, Chickpea crisps","https://images.openfoodfacts.org/images/products/000/447/169/2016/front_en.3.400.jpg","openfoodfacts:uk"
"0004474264432","","","","","","openfoodfacts:uk"
"0004480302401","plants almond butter","","","Peanut butters","https://images.openfoodfacts.org/images/products/000/448/030/2401/front_en.3.400.jpg","openfoodfacts:uk"
"0004490370605","","","","","https://images.openfoodfacts.org/images/products/000/449/037/0605/front_en.6.400.jpg","openfoodfacts:uk"
"0004493005009","","","","Breakfast wheat biscuit","https://images.openfoodfacts.org/images/products/000/449/300/5009/front_en.3.400.jpg","openfoodfacts:uk"
"0004500046865","Fruit & Nut Dark Chocolate","Sainsbury's","200g","en:dark-chocolates","https://images.openfoodfacts.org/images/products/000/450/004/6865/front_en.3.400.jpg","openfoodfacts:uk"
"0004504540505","","","","Cheese","https://images.openfoodfacts.org/images/products/000/450/454/0505/front_en.3.400.jpg","openfoodfacts:uk"
"0004505300962","","","","Products without gluten","https://images.openfoodfacts.org/images/products/000/450/530/0962/front_en.3.400.jpg","openfoodfacts:uk"
"0004507662105","","","","Snacks, Sweet snacks, Cocoa and its products, Chocolates","https://images.openfoodfacts.org/images/products/000/450/766/2105/front_en.3.400.jpg","openfoodfacts:uk"
"00045223","BRAISED RED CABBAGE £6 4 SERVES BRAISED RED NETTEN","Marks & Spencers","","","","openfoodfacts:uk"
"0004531000942","Seek Wiejski z truskawkami","","","","https://images.openfoodfacts.org/images/products/000/453/100/0942/front_en.3.400.jpg","openfoodfacts:uk"
"0004545356561","","","","Plant-based foods and beverages,Plant-based foods,Breakfasts,Spreads,Plant-based spreads,Sweet spreads,Fruit and vegetable preserves,Jams,jams","https://images.openfoodfacts.org/images/products/000/454/535/6561/front_en.3.400.jpg","openfoodfacts:uk"
"00045469","Toxic waste red","","","","https://images.openfoodfacts.org/images/products/000/000/004/5469/front_en.3.400.jpg","openfoodfacts:uk"
"0004566801408","coconut milk","island sun","400ml","Plant-based foods and beverages, Beverages, Plant-based foods, Dairy substitutes, Milk substitutes, Plant-based beverages, Plant-based milk alternatives, Plant-based creams, Plant-based creams for cooking, Coconut milks and creams","https://images.openfoodfacts.org/images/products/000/456/680/1408/front_en.3.400.jpg","openfoodfacts:uk"
"0004570033710","","","250 g","microwave rice","","openfoodfacts:uk"
"00045889","Lattice Topped Mince Pies","Marks & Spencer","","Aliments festifs, Aliments et boissons de Noël, Tartes sucrées, Tartes, Tartelettes, en:Mince pies","https://images.openfoodfacts.org/images/products/000/000/004/5889/front_fr.8.400.jpg","openfoodfacts:uk"
"00045933","British whole cucumber","Sainsbury's,By Sainsbury's","","en:cucumbers","https://images.openfoodfacts.org/images/products/000/000/004/5933/front_en.6.400.jpg","openfoodfacts:uk"
"0004594454775","Wonder Mix","Whitworth’s","","fruits and nut mix","https://images.openfoodfacts.org/images/products/000/459/445/4775/front_en.3.400.jpg","openfoodfacts:uk"
"0004599567579","","","","Snacks,Sweet snacks,Cocoa and its products,Chocolates,Dark chocolates","https://images.openfoodfacts.org/images/products/000/459/956/7579/front_en.3.400.jpg","openfoodfacts:uk"
"0004606149866","","","","","https://images.openfoodfacts.org/images/products/000/460/614/9866/front_en.3.400.jpg","openfoodfacts:uk"
"0004636475034","","","","Plant-based foods and beverages, Plant-based foods, Pumpkin and Squash plant products, Squash","https://images.openfoodfacts.org/images/products/000/463/647/5034/front_en.3.400.jpg","openfoodfacts:uk"
"00046473","Cornish Cove Grated Cheddar Mature","M&S","250 g","Dairies, Fermented foods, Fermented milk products, Cheeses, Cow cheeses, Cheeses from the United Kingdom, Cheeses from England, Cheddar cheese","https://images.openfoodfacts.org/images/products/000/000/004/6473/front_fr.4.400.jpg","openfoodfacts:uk"
"0004650440650","Mint Chutney mix","AAGRAH","","Condiments","https://images.openfoodfacts.org/images/products/000/465/044/0650/front_en.3.400.jpg","openfoodfacts:uk"
"0004660516277","","","","","https://images.openfoodfacts.org/images/products/000/466/051/6277/front_en.3.400.jpg","openfoodfacts:uk"
"0004690643301","Coastal spritz","Pentire","","","","openfoodfacts:uk"
"0004704288283","","","","Plant-based foods and beverages, Plant-based foods, Seeds","https://images.openfoodfacts.org/images/products/000/470/428/8283/front_en.3.400.jpg","openfoodfacts:uk"
"0004715144059","protein half fat mature cheese","asda","","","","openfoodfacts:uk"
"00047548","After Dinner","M&S","","","https://images.openfoodfacts.org/images/products/000/000/004/7548/front_fr.4.400.jpg","openfoodfacts:uk"
"00047708","Large Ripe Avocado","N/A, Sainsbury's","","Produce,Fruits","https://images.openfoodfacts.org/images/products/000/000/004/7708/front_en.62.400.jpg","openfoodfacts:uk"
"00047838","Cookies","Marks & Spencer","","Snacks,Sweet snacks,Biscuits and cakes,Biscuits","https://images.openfoodfacts.org/images/products/000/000/004/7838/front_fr.12.400.jpg","openfoodfacts:uk"
"00047852","Shortbread","Marks & Spencer","","Snacks, Snacks sucrés, Biscuits et gâteaux, Biscuits, Biscuits sablés, Shortbread","https://images.openfoodfacts.org/images/products/000/000/004/7852/front_fr.13.400.jpg","openfoodfacts:uk"
"00047944","Milk , Dark & Whitr Selection Box","Marks And Spencer,Marks & Spencer","320 g","","https://images.openfoodfacts.org/images/products/000/000/004/7944/front_fr.4.400.jpg","openfoodfacts:uk"
"00047982","Watermelon refreshingly juicy","Marks & Spencer","","","https://images.openfoodfacts.org/images/products/000/000/004/7982/front_en.3.400.jpg","openfoodfacts:uk"
"0004810000694","bottle green","","500 ml","cordial","https://images.openfoodfacts.org/images/products/000/481/000/0694/front_en.4.400.jpg","openfoodfacts:uk"
"0004832572100","","","250 g","Dairies, Fats, Spreads, Spreadable fats, Animal fats, Milkfat, Dairy-spread, Butters","","openfoodfacts:uk"
"0004833378596","","","","BBQ corn crunch mix","https://images.openfoodfacts.org/images/products/000/483/337/8596/front_en.3.400.jpg","openfoodfacts:uk"
"0004836483433","Chicken pasta bake","marks & spencer","","Meals, Microwave meals","https://images.openfoodfacts.org/images/products/000/483/648/3433/front_en.3.400.jpg","openfoodfacts:uk"
"0004838904141","Haddock Fillets in seasoned flour","Marks & Spencer","","fish in flour","https://images.openfoodfacts.org/images/products/000/483/890/4141/front_en.3.400.jpg","openfoodfacts:uk"
"00048514","Tacos","M&S Food","","","https://images.openfoodfacts.org/images/products/000/000/004/8514/front_fr.11.400.jpg","openfoodfacts:uk"
"00048521","Jalfrezi Curry Kit","Marks & Spencer","285 g","Curry Sauce Kit","https://images.openfoodfacts.org/images/products/000/000/004/8521/front_en.3.400.jpg","openfoodfacts:uk"
"0004852329883","","","","","https://images.openfoodfacts.org/images/products/000/485/232/9883/front_it.3.400.jpg","openfoodfacts:uk"
"00048552","Mexican Inspired Rice","M&S","","","https://images.openfoodfacts.org/images/products/000/000/004/8552/front_fr.21.400.jpg","openfoodfacts:uk"
"00048620","Hot Chipotle chilli paste M&S","Marks & Spencer","95g","Chilli paste, en:barbecue-sauces","https://images.openfoodfacts.org/images/products/000/000/004/8620/front_en.3.400.jpg","openfoodfacts:uk"
"00048644","Mexican Taco Kit","Marks & Spencer","","","https://images.openfoodfacts.org/images/products/000/000/004/8644/front_en.3.400.jpg","openfoodfacts:uk"
"00048668","Leralan Coconut Curry kit","Marks & Spencer","","en:curry-sauces","https://images.openfoodfacts.org/images/products/000/000/004/8668/front_en.3.400.jpg","openfoodfacts:uk"
"0004900002898","Coke cola diet","","","en:diet-cola-soft-drink","https://images.openfoodfacts.org/images/products/000/490/000/2898/front_en.3.400.jpg","openfoodfacts:uk"
"0004930719100","","","","","https://images.openfoodfacts.org/images/products/000/493/071/9100/front_en.5.400.jpg","openfoodfacts:uk"
"0004932590899","Prawn Mayo","M&S","","Plant-based foods and beverages, Plant-based foods, Cereals and potatoes, Breads, Prawn sandwich, en:sandwiches","https://images.openfoodfacts.org/images/products/000/493/259/0899/front_en.3.400.jpg","openfoodfacts:uk"
"0004933009635","Stuffed pimento olives","Sainsbury's","","","","openfoodfacts:uk"
"0004948822069","Butter Beans","Tesco","","en:canned-legumes","https://images.openfoodfacts.org/images/products/000/494/882/2069/front_en.3.400.jpg","openfoodfacts:uk"
"0004949122113","Garlic Baguette","Coop","205g","Garlic Bread","https://images.openfoodfacts.org/images/products/000/494/912/2113/front_en.3.400.jpg","openfoodfacts:uk"
"0004949246611","Sicilian lemon flavoured meringues","Sainsbury's taste the difference","","meringue","https://images.openfoodfacts.org/images/products/000/494/924/6611/front_en.3.400.jpg","openfoodfacts:uk"
"0004955464368","","","","","https://images.openfoodfacts.org/images/products/000/495/546/4368/front_en.3.400.jpg","openfoodfacts:uk"
"0004959038626","","","","Pizzas","https://images.openfoodfacts.org/images/products/000/495/903/8626/front_en.3.400.jpg","openfoodfacts:uk"
"0004961424325","","","","Dairies, Fermented foods, Fermented milk products, Cottage cheeses","https://images.openfoodfacts.org/images/products/000/496/142/4325/front_en.3.400.jpg","openfoodfacts:uk"
"0004962665062","","","","Plant-based foods and beverages, Plant-based foods, Cereals and potatoes, Seeds, Cereals and their products, Cereal grains, Rices","https://images.openfoodfacts.org/images/products/000/496/266/5062/front_en.3.400.jpg","openfoodfacts:uk"
"0004983007674","","","370 g","black olives","https://images.openfoodfacts.org/images/products/000/498/300/7674/front_en.3.400.jpg","openfoodfacts:uk"
"0005000049639","Hazelnut Zero Creamer","Starbucks","","","","openfoodfacts:uk"
"0005000253647","tassimo milka pods","","","","","openfoodfacts:uk"
"0005000362059","Vanilla Latte, K cup","Donut Shop Coffee","","","","openfoodfacts:uk"
"0005000402274","","","","D","https://images.openfoodfacts.org/images/products/000/500/040/2274/front_en.3.400.jpg","openfoodfacts:uk"
"0005002222429","","","550 g","","https://images.openfoodfacts.org/images/products/000/500/222/2429/front_en.9.400.jpg","openfoodfacts:uk"
"0005003008275","","","","","https://images.openfoodfacts.org/images/products/000/500/300/8275/front_en.4.400.jpg","openfoodfacts:uk"
"0005004044616","soreen lunchbox loafs 5pk","","","","https://images.openfoodfacts.org/images/products/000/500/404/4616/front_en.3.400.jpg","openfoodfacts:uk"
"0005004436107","Total 0% Greek Yoghurt With Blueberries","Fage","","","","openfoodfacts:uk"
"00050395","M&S peas, broad beans,courgettes and cabbage","Marks & Spencer","275 g","Mixed vegetables","https://images.openfoodfacts.org/images/products/000/000/005/0395/front_en.3.400.jpg","openfoodfacts:uk"
"0005041475084","Wasabi","","43 g","","https://images.openfoodfacts.org/images/products/000/504/147/5084/front_en.3.400.jpg","openfoodfacts:uk"
"0005050215800","Garlic mushroom, mascarpone and truffle wood-fired pizza","Sainsbury’s Taste the Difference","425g","Chilled pizza, en:pizzas","https://images.openfoodfacts.org/images/products/000/505/021/5800/front_en.3.400.jpg","openfoodfacts:uk"
"0005054443858","","","","Quiches with vegetables","https://images.openfoodfacts.org/images/products/000/505/444/3858/front_en.3.400.jpg","openfoodfacts:uk"
"00050555","pressed British pear and blackcurrant juice","","","Pear and blackcurrant juice","https://images.openfoodfacts.org/images/products/000/000/005/0555/front_en.7.400.jpg","openfoodfacts:uk"
"00050678","Diet sparkling fiery ginger beer","M&S, Marks & Spencer, Waitrose","1 liter","Boissons, Boissons gazeuses, Boissons édulcorées, Sodas, Boissons sans alcool, Boissons sans sucre ajouté","https://images.openfoodfacts.org/images/products/000/000/005/0678/front_en.6.400.jpg","openfoodfacts:uk"
"00050913","M&S Extrenely Chocolatey Milk, Dark & White Chocolate Biscuits","M&S","500g","","","openfoodfacts:uk"
"0005091787564","","","","","https://images.openfoodfacts.org/images/products/000/509/178/7564/front_en.3.400.jpg","openfoodfacts:uk"
"00050999","Parmentier Potatoes in a shallot & garlic butter with thyme","M&S Food","380 g","Potato dishes","https://images.openfoodfacts.org/images/products/000/000/005/0999/front_fr.8.400.jpg","openfoodfacts:uk"
"00051248","Winter Berries & Prosecco Hand cooked crisps","Marks & Spencer","150 g e","Aliments et boissons à base de végétaux, Aliments d'origine végétale, Snacks, Céréales et pommes de terre, Snacks salés, Amuse-gueules, Chips et frites, Chips, Chips de pommes de terre, Chips de pommes de terre aromatisées","https://images.openfoodfacts.org/images/products/000/000/005/1248/front_fr.3.400.jpg","openfoodfacts:uk"
"00051378","Diet Sparkling red cherry","Marks & Spencer","","","https://images.openfoodfacts.org/images/products/000/000/005/1378/front_en.16.400.jpg","openfoodfacts:uk"
"00051439","whipped soft Creamy cheese","Marks & Spencer","150 g","Cream cheeses","https://images.openfoodfacts.org/images/products/000/000/005/1439/front_en.10.400.jpg","openfoodfacts:uk"
"00051446","GREEK STYLE NATURAL YOGURT","M&S FOOD","1 kg","Dairies, Fermented foods, Fermented milk products, Desserts, Dairy desserts, Fermented dairy desserts, Fermented dairy desserts with fruits, Yogurts, Fruit yogurts, Greek-style yogurts, Low-fat yogurts, Yogurts high in protein on a fruit layer, en:plain-yogurts","https://images.openfoodfacts.org/images/products/000/000/005/1446/front_en.52.400.jpg","openfoodfacts:uk"
"00051477","0% fat greek style yogurt","M&S","150 g","Dairies, Fermented foods, Desserts, Fermented milk products, Dairy desserts, Fermented dairy desserts, Yogurts, Greek-style yogurts","https://images.openfoodfacts.org/images/products/000/000/005/1477/front_en.3.400.jpg","openfoodfacts:uk"
"0005150908343","","","","","https://images.openfoodfacts.org/images/products/000/515/090/8343/front_en.3.400.jpg","openfoodfacts:uk"
"00051538","","Marks & Spencer","","","https://images.openfoodfacts.org/images/products/000/000/005/1538/front_en.6.400.jpg","openfoodfacts:uk"
"0005156080456","","","500 g","","https://images.openfoodfacts.org/images/products/000/515/608/0456/front_en.3.400.jpg","openfoodfacts:uk"
"00051583","wine","Las Dalias","75 cl","","https://images.openfoodfacts.org/images/products/000/000/005/1583/front_en.3.400.jpg","openfoodfacts:uk"
"00051620","Thick Citrus Bleach","Sainsbury’s","","","","openfoodfacts:uk"
"00051637","Thick Bleach By Sainsburys","","","","","openfoodfacts:uk"
"0005165301573","Baked Jacket Potatoes","Bannisters","","","","openfoodfacts:uk"
"00051668","Greek Style Yogurts Unsweetened","Marks & Spencer","","Produits laitiers, Produits fermentés, Desserts, Produits laitiers fermentés, Desserts lactés, Desserts lactés fermentés, Yaourts, Yaourts à la grecque","https://images.openfoodfacts.org/images/products/000/000/005/1668/front_fr.4.400.jpg","openfoodfacts:uk"
"00051675","Thick Bleach Original","Sainsbury’s","","","","openfoodfacts:uk"
"0005169377147","","","240 g","Iberian chorizo","https://images.openfoodfacts.org/images/products/000/516/937/7147/front_en.3.400.jpg","openfoodfacts:uk"
"00051705","2 garlic & coriander naans","Marks And Spencer","220 g","Aliments et boissons à base de végétaux, Aliments d'origine végétale, Céréales et pommes de terre, Pains, Pains spéciaux, Naans","https://images.openfoodfacts.org/images/products/000/000/005/1705/front_fr.17.400.jpg","openfoodfacts:uk"
"00051828","","Marks & Spencer","75 cl","","https://images.openfoodfacts.org/images/products/000/000/005/1828/front_en.6.400.jpg","openfoodfacts:uk"
"00052207","M&S Rosa Vind Tomatoes","M&S","","","","openfoodfacts:uk"
"00052283","Arachides enrobées chocolat au lait","M&S Food","","en:chocolate-covered-nuts","https://images.openfoodfacts.org/images/products/000/000/005/2283/front_fr.4.400.jpg","openfoodfacts:uk"
"00052337","","M&S","120g","","https://images.openfoodfacts.org/images/products/000/000/005/2337/front_fr.3.400.jpg","openfoodfacts:uk"
"00052368","Belgian milk chocolate coated brazil nuts","M&S","","Chocolate covered nuts","https://images.openfoodfacts.org/images/products/000/000/005/2368/front_en.31.400.jpg","openfoodfacts:uk"
"00053297","2 Duck Breasts with Plum Sauce","M&S Collection","","Duck breasts","https://images.openfoodfacts.org/images/products/000/000/005/3297/front_en.3.400.jpg","openfoodfacts:uk"
"00053303","vegetable oil by sainsbury's","sainsbury's","3 litres","Plant-based foods and beverages, Plant-based foods, Fats, Vegetable fats, Vegetable oils","https://images.openfoodfacts.org/images/products/000/000/005/3303/front_en.3.400.jpg","openfoodfacts:uk"
"00053327","British Plain Flour","Sainsbury's","1.5 kg","Plant-based foods and beverages, Plant-based foods, Cereals and potatoes, Cereals and their products, Flours, Cereal flours, Plain Flour","https://images.openfoodfacts.org/images/products/000/000/005/3327/front_en.3.400.jpg","openfoodfacts:uk"
"00053334","Mixed Dried Fruit","Sainsbury's","500g","Plant-based foods and beverages, Plant-based foods, Fruits and vegetables based foods, Fruits based foods, Dried products, Dried plant-based foods, Dried fruits, Dried mixed fruits","https://images.openfoodfacts.org/images/products/000/000/005/3334/front_en.3.400.jpg","openfoodfacts:uk"
"00053358","Spiced lamb By Tom","Marks & spencer","","","","openfoodfacts:uk"
"00053433","Basmati Rice","Sainsbury's","1kg","Plant-based foods and beverages,Plant-based foods,Cereals and potatoes,Seeds,Cereals and their products,Cereal grains,Rices,Aromatic rices,Indica rices,Long grain rices,Basmati rices","https://images.openfoodfacts.org/images/products/000/000/005/3433/front_en.3.400.jpg","openfoodfacts:uk"
"00053525","Wood fired pizza italian salami and spicy roquito pepper","Marks And Spencer,Marks & Spencer","430 g","Meats and their products, Meals, Pizzas pies and quiches, Meals with meat, Pizzas, Pork meals, Pizza with ham and cheese","https://images.openfoodfacts.org/images/products/000/000/005/3525/front_en.3.400.jpg","openfoodfacts:uk"
"0005356661912","vegan salad cream","","244 g","","https://images.openfoodfacts.org/images/products/000/535/666/1912/front_en.3.400.jpg","openfoodfacts:uk"
"00053587","Mighty Mesty Pizza","M&S","","Viandes et dérivés, Plats préparés, Pizzas tartes salées et quiches, Plats préparés à la viande, Pizzas, Pizza au poulet","https://images.openfoodfacts.org/images/products/000/000/005/3587/front_fr.32.400.jpg","openfoodfacts:uk"
"0005365115253","","","122 g","","https://images.openfoodfacts.org/images/products/000/536/511/5253/front_en.3.400.jpg","openfoodfacts:uk"
"00054072","Festive hot chocolate","M&S","240 g","Snacks, Snacks sucrés, Confiseries","https://images.openfoodfacts.org/images/products/000/000/005/4072/front_fr.11.400.jpg","openfoodfacts:uk"
"00054379","Pineapple slices in juice","Sainsbury's","425 g (255 g)","Plant-based foods and beverages, Plant-based foods, Canned foods, Fruits and vegetables based foods, Canned plant-based foods, Fruits based foods, Fruits, Canned fruits, Tropical fruits, Pineapple, Canned fruits in juice, Pineapple in juice","https://images.openfoodfacts.org/images/products/000/000/005/4379/front_en.21.400.jpg","openfoodfacts:uk"
"00054386","pineapple slices in juice","Sainsbury's","140g drained weight","Pineapple in pineapple juice","https://images.openfoodfacts.org/images/products/000/000/005/4386/front_en.3.400.jpg","openfoodfacts:uk"
"0005440084443","","","","2","","openfoodfacts:uk"
"0005450984108","","","","","","openfoodfacts:uk"
"0005471124866","Bruscettini","","","","","openfoodfacts:uk"
"0005502502557","Natural Sea Salt","","","","https://images.openfoodfacts.org/images/products/000/550/250/2557/front_en.3.400.jpg","openfoodfacts:uk"
"00055321","Gastropub prawn & chargrilled chicken paella","Marks & spencers","","","","openfoodfacts:uk"
"00055376","Fish & Chips","Marks & Spencer","","","https://images.openfoodfacts.org/images/products/000/000/005/5376/front_en.3.400.jpg","openfoodfacts:uk"
"0005544000738","Sliced Green Jalapeños","Aleyna","","","https://images.openfoodfacts.org/images/products/000/554/400/0738/front_en.3.400.jpg","openfoodfacts:uk"
"0005544007980","Peanut butter cups","Reese's","24 pcs","","https://images.openfoodfacts.org/images/products/000/554/400/7980/front_en.13.400.jpg","openfoodfacts:uk"
"0005544292744","","","","","","openfoodfacts:uk"
"0005554503403","Sundried Tomatoes in Oil","Polli","190g","Dried tomatoes in oil","https://images.openfoodfacts.org/images/products/000/555/450/3403/front_en.3.400.jpg","openfoodfacts:uk"
"0005555783255","Dark Chocolate Single Origin Ecuador","Marks & Spencer’s","100g","Snacks,Sweet snacks,Cocoa and its products,Chocolates,Dark chocolates,Dark chocolate bar","https://images.openfoodfacts.org/images/products/000/555/578/3255/front_en.3.400.jpg","openfoodfacts:uk"
"0005560386250","","","","","https://images.openfoodfacts.org/images/products/000/556/038/6250/front_en.3.400.jpg","openfoodfacts:uk"
"00055802","","Marks & Spencer","150 g","","https://images.openfoodfacts.org/images/products/000/000/005/5802/front_en.3.400.jpg","openfoodfacts:uk"
"0005640613511","","Vemondo","","","https://images.openfoodfacts.org/images/products/000/564/061/3511/front_en.3.400.jpg","openfoodfacts:uk"
"00056496","Perfectly Ripe Figs","M&S Food","140g","Plant-based foods and beverages,Plant-based foods,Fruits and vegetables based foods,Fruits based foods,Fruits,Fresh fruits","https://images.openfoodfacts.org/images/products/000/000/005/6496/front_en.14.400.jpg","openfoodfacts:uk"
"00056588","Cherryade","","","","https://images.openfoodfacts.org/images/products/000/000/005/6588/front_en.3.400.jpg","openfoodfacts:uk"
"0005665112273","","","","Vegetable bouillon cubes","https://images.openfoodfacts.org/images/products/000/566/511/2273/front_en.3.400.jpg","openfoodfacts:uk"
"00056694","Brifish marrowfaf","Sainsbury's","","","https://images.openfoodfacts.org/images/products/000/000/005/6694/front_en.5.400.jpg","openfoodfacts:uk"
"0005734655656","Chicken and bacon wrap","Grab a bite","","","https://images.openfoodfacts.org/images/products/000/573/465/5656/front_en.3.400.jpg","openfoodfacts:uk"
"0005737766663","","","","Meals, Pasta dishes, Prepared salads, Pasta salads","https://images.openfoodfacts.org/images/products/000/573/776/6663/front_en.3.400.jpg","openfoodfacts:uk"
"00057905","Authentic Greek Yogurt","Marks & Spencer","","Dairies, Fermented foods, Fermented milk products, Desserts, Dairy desserts, Fermented dairy desserts, Yogurts, en:greek-style-yogurts","https://images.openfoodfacts.org/images/products/000/000/005/7905/front_en.10.400.jpg","openfoodfacts:uk"
"00057981","Soupe petit pois menthe","Marks & Spencer","","Aliments et boissons à base de végétaux, Aliments d'origine végétale, Aliments à base de fruits et de légumes, Plats préparés, Soupes, Soupes de légumes","https://images.openfoodfacts.org/images/products/000/000/005/7981/front_fr.13.400.jpg","openfoodfacts:uk"
"00057998","Thai green chicken curry soup","M&S","","Canned foods, Meals, Soups, Canned meals, Microwave meals, Canned soups","https://images.openfoodfacts.org/images/products/000/000/005/7998/front_en.15.400.jpg","openfoodfacts:uk"
"00058018","Bramly Apple & Blackberry Crumble","Marks And Spencer","","Plant-based foods and beverages,Plant-based foods,Fruits and vegetables based foods,Fruits based foods,Dried products,Dried plant-based foods,Dried fruits,Dried apricots,Fruit crumble","https://images.openfoodfacts.org/images/products/000/000/005/8018/front_en.3.400.jpg","openfoodfacts:uk"
"0005804399312","","","8 cubes 88g pack","Vegetable bouillon cubes,Vegetable","https://images.openfoodfacts.org/images/products/000/580/439/9312/front_en.8.400.jpg","openfoodfacts:uk"
"00058087","M&S -FOOD- TOFFEE CHOCOLATE ECLAIRS A","Marks & Spencer","","","https://images.openfoodfacts.org/images/products/000/000/005/8087/front_en.3.400.jpg","openfoodfacts:uk"
"0005823581118","CHOCOLATE MINI WHIPS","","","","","openfoodfacts:uk"
"0005844005464","Kefir Yogurt","Graham’s","350g","Kefir yogurts","https://images.openfoodfacts.org/images/products/000/584/400/5464/front_en.3.400.jpg","openfoodfacts:uk"
"0005893146262","Special Burger Sauce","M&S","","","","openfoodfacts:uk"
"0005900124948","peach halves","del monte","","","https://images.openfoodfacts.org/images/products/000/590/012/4948/front_fr.3.400.jpg","openfoodfacts:uk"
"0005909900062","","","","","https://images.openfoodfacts.org/images/products/000/590/990/0062/front_en.3.400.jpg","openfoodfacts:uk"
"0005909988749","","","","","https://images.openfoodfacts.org/images/products/000/590/998/8749/front_en.3.400.jpg","openfoodfacts:uk"
"00059619","9 PEAS, RUNNER BEANS & BROCCOLI 3009 £3.20 M&S 1FO","M&S","450 g","Plant-based foods and beverages, Plant-based foods, Cereals and potatoes, Potatoes","https://images.openfoodfacts.org/images/products/000/000/005/9619/front_en.5.400.jpg","openfoodfacts:uk"
"00059640","Rosemary and garlic potatoes","Marks & Spencer","","","https://images.openfoodfacts.org/images/products/000/000/005/9640/front_en.3.400.jpg","openfoodfacts:uk"
"00059657","Crispy Potato Wedges","","","","https://images.openfoodfacts.org/images/products/000/000/005/9657/front_en.8.400.jpg","openfoodfacts:uk"
"00059688","Layered Classic Vegetables","M&S Eat Well","315 g","Plant-based foods and beverages,Plant-based foods,Prepared vegetables","https://images.openfoodfacts.org/images/products/000/000/005/9688/front_en.9.400.jpg","openfoodfacts:uk"
"00059695","Peas, Broad Beans, Courgettes & Cabbage","M&S","275g","Plant-based foods and beverages,Plant-based foods,Fruits and vegetables based foods,Vegetables based foods,Vegetables,Mixed vegetables","https://images.openfoodfacts.org/images/products/000/000/005/9695/front_en.6.400.jpg","openfoodfacts:uk"
"00059701","Crispy potato slices","M&s","","","","openfoodfacts:uk"
"00059718","sweetcorn, carrots, peas & broccoli with seasoned butter","M&S","355 g","Plant-based foods and beverages,Plant-based foods,Fruits and vegetables based foods,Vegetables based foods","https://images.openfoodfacts.org/images/products/000/000/005/9718/front_en.29.400.jpg","openfoodfacts:uk"
"00059749","Honey And Mustard Parsnips￼","M&S","","","","openfoodfacts:uk"
"00059992","Chunky Guacamole","Marks & Spencer","","Plant-based foods and beverages, Plant-based foods, Condiments, Spreads, Plant-based spreads, Sauces, Dips, Guacamoles","https://images.openfoodfacts.org/images/products/000/000/005/9992/front_en.3.400.jpg","openfoodfacts:uk"
"0006001354500","Real mayonaise","Hellmann's","","","","openfoodfacts:uk"
"0006024044655","Sokolov Mysliwka","","","","","openfoodfacts:uk"
"0006041015584","","","","en:candies","https://images.openfoodfacts.org/images/products/000/604/101/5584/front_en.3.400.jpg","openfoodfacts:uk"
"0006041181975","","","","Oat-based drinks","https://images.openfoodfacts.org/images/products/000/604/118/1975/front_en.3.400.jpg","openfoodfacts:uk"
"0006042000404","Whole meal no sugar added","Warburtons","","","","openfoodfacts:uk"
"0006052031818","","","","","https://images.openfoodfacts.org/images/products/000/605/203/1818/front_en.3.400.jpg","openfoodfacts:uk"
"0006055020079","","","150 g","Plant-based foods and beverages, Plant-based foods, Snacks, Cereals and potatoes, Salty snacks, Appetizers, Chips and fries, Crisps, Potato crisps","https://images.openfoodfacts.org/images/products/000/605/502/0079/front_en.3.400.jpg","openfoodfacts:uk"
"00060783","Milk Chocolate Bar","Marks & Spencer","","","https://images.openfoodfacts.org/images/products/000/000/006/0783/front_en.3.400.jpg","openfoodfacts:uk"
"00060790","White Chocolate Bar","M&S","32g","Snacks, Sweet snacks, Cocoa and its products, Bars, Chocolates","https://images.openfoodfacts.org/images/products/000/000/006/0790/front_en.17.400.jpg","openfoodfacts:uk"
"0006084114039","fruit rockets","little judes","","Desserts, Frozen foods, Frozen desserts, Ice pops","https://images.openfoodfacts.org/images/products/000/608/411/4039/front_en.3.400.jpg","openfoodfacts:uk"
"0006100243156","","","","Beverages","https://images.openfoodfacts.org/images/products/000/610/024/3156/front_en.3.400.jpg","openfoodfacts:uk"
"0006100524064","","","","Superchick","https://images.openfoodfacts.org/images/products/000/610/052/4064/front_en.3.400.jpg","openfoodfacts:uk"
"0006118203630","Fudge Brownie Protein Shake","Grenade","","","","openfoodfacts:uk"
"00061575","Strong white bread flour","Sainsburys","","Plant-based foods and beverages, Plant-based foods, Cereals and potatoes, Cereals and their products, Flours, Cereal flours, Breads, Wheat flours, Bread flours","https://images.openfoodfacts.org/images/products/000/000/006/1575/front_en.5.400.jpg","openfoodfacts:uk"
"0006161913500","Turmeric","M&S Food","48g","Turmeric powder","https://images.openfoodfacts.org/images/products/000/616/191/3500/front_en.3.400.jpg","openfoodfacts:uk"
"00061629","Jamón de bellota","Marks & Spencer","","","https://images.openfoodfacts.org/images/products/000/000/006/1629/front_en.5.400.jpg","openfoodfacts:uk"
"0006166626252","","","","","","openfoodfacts:uk"
"0006191250484","","","227 g","","https://images.openfoodfacts.org/images/products/000/619/125/0484/front_en.3.400.jpg","openfoodfacts:uk"
"00062039","Gluten free turkey feast","M&S","","","","openfoodfacts:uk"
"00062114","1%milk fat Low Fat Milk","Sainsbury's","454ml","Dairies, Milks","https://images.openfoodfacts.org/images/products/000/000/006/2114/front_en.15.400.jpg","openfoodfacts:uk"
"0006217550178","","","","","https://images.openfoodfacts.org/images/products/000/621/755/0178/front_en.5.400.jpg","openfoodfacts:uk"
"00062299","Chicken jalfrezi & pilau Rice","M&S","400g","Meats and their products,Meals,Meals with meat,Rice dishes,Poultry meals,Meals with chicken,Microwave meals","https://images.openfoodfacts.org/images/products/000/000/006/2299/front_en.22.400.jpg","openfoodfacts:uk"
"00062381","Salted Caramel Hazelnut Millionare","M&S","","Snacks, Sweet snacks, Biscuits and cakes, Biscuits, Shortbread cookies","https://images.openfoodfacts.org/images/products/000/000/006/2381/front_en.20.400.jpg","openfoodfacts:uk"
"00062398","Honeycomb Crispy Bar","M&S","","","","openfoodfacts:uk"
"00062503","Guinea Fowl","Marks & Spencer","","Meats and their products, Meats, Poultries, fr:pintades","","openfoodfacts:uk"
"00062510","Outdoor Need Pork & Italian Chestnut Stuffing","M&S","","","","openfoodfacts:uk"
"00062589","Percy pig","Marks & Spencer","","","https://images.openfoodfacts.org/images/products/000/000/006/2589/front_en.3.400.jpg","openfoodfacts:uk"
"00062770","British Petis Pois","Marks & Spencer","","","https://images.openfoodfacts.org/images/products/000/000/006/2770/front_en.3.400.jpg","openfoodfacts:uk"
"00062855","Bircher style summer muesli Greek style yogurt","M&S","195 g","Dairies, Fermented foods, Desserts, Fermented milk products, Dairy desserts, Fermented dairy desserts, Fermented dairy desserts with fruits, Yogurts, Fruit yogurts, Yogurts with cereals","https://images.openfoodfacts.org/images/products/000/000/006/2855/front_en.4.400.jpg","openfoodfacts:uk"
"00062862","Roast Chicken & Avocado","M&S","","Sandwiches","https://images.openfoodfacts.org/images/products/000/000/006/2862/front_en.4.400.jpg","openfoodfacts:uk"
"00062886","Crinkle cut chips","Marks & Spencer","1 kg","Chips and fries, Fries, Frozen fries, en:crisps","https://images.openfoodfacts.org/images/products/000/000/006/2886/front_en.8.400.jpg","openfoodfacts:uk"
"0006290974670","","","","","https://images.openfoodfacts.org/images/products/000/629/097/4670/front_en.3.400.jpg","openfoodfacts:uk"
"0006292228733","coconut milk","","400 ml","Coconut milk reduced fat","https://images.openfoodfacts.org/images/products/000/629/222/8733/front_en.3.400.jpg","openfoodfacts:uk"
"00062947","Coffee Pods","Kenco","","","","openfoodfacts:uk"
"0006306662973","Fresh greens","Redmere Farms","","","","openfoodfacts:uk"
"0006307421135","Dry Cured Cracking Gamon","","","","https://images.openfoodfacts.org/images/products/000/630/742/1135/front_en.3.400.jpg","openfoodfacts:uk"
"0006331033144","","","","","https://images.openfoodfacts.org/images/products/000/633/103/3144/front_en.3.400.jpg","openfoodfacts:uk"
"00063401","Alvorada vinho verde","","","Vinho Verde","https://images.openfoodfacts.org/images/products/000/000/006/3401/front_en.3.400.jpg","openfoodfacts:uk"
"0006364161081","","","","Spreads","https://images.openfoodfacts.org/images/products/000/636/416/1081/front_en.3.400.jpg","openfoodfacts:uk"
"0006394624518","","","","","","openfoodfacts:uk"
"0006394628868","Blackcurrant jam","","","","https://images.openfoodfacts.org/images/products/000/639/462/8868/front_en.3.400.jpg","openfoodfacts:uk"
"0006398499020","","","462 ml","Ice cream","https://images.openfoodfacts.org/images/products/000/639/849/9020/front_en.3.400.jpg","openfoodfacts:uk"
"0006409460803","","","","","https://images.openfoodfacts.org/images/products/000/640/946/0803/front_en.3.400.jpg","openfoodfacts:uk"
"00064255","Chicken mushroom and rice soup","","","Meals, Soups, Reheatable soups, Chicken and vegetables soup","https://images.openfoodfacts.org/images/products/000/000/006/4255/front_en.3.400.jpg","openfoodfacts:uk"
"0006426852278","","","","","","openfoodfacts:uk"
"00064491","Sunflower Oil","Sainsbury's","1 l","Plant-based foods and beverages, Plant-based foods, Fats, Vegetable fats, Vegetable oils, Sunflower seeds and their products, Sunflower oils","https://images.openfoodfacts.org/images/products/000/000/006/4491/front_en.18.400.jpg","openfoodfacts:uk"
"0006457450375","crunchy peanut butter","Morrisons","","","https://images.openfoodfacts.org/images/products/000/645/745/0375/front_fr.3.400.jpg","openfoodfacts:uk"
"0006500284414","","M&S hand cooked crisps","","Snacks, Salty snacks, Appetizers, Chips and fries, Crisps","https://images.openfoodfacts.org/images/products/000/650/028/4414/front_en.3.400.jpg","openfoodfacts:uk"
"00065252","Pancake","Marks &Spencer","280 g","Crêpes et galettes, Pancakes","https://images.openfoodfacts.org/images/products/000/000/006/5252/front_fr.28.400.jpg","openfoodfacts:uk"
"0006544320987","Pink mouse","","6 x 55 g","","https://images.openfoodfacts.org/images/products/000/654/432/0987/front_en.3.400.jpg","openfoodfacts:uk"
"00065504","M&S Green Williams Pears","M&S","","","","openfoodfacts:uk"
"0006565580483","Raisins","Sainsbury's","500g","Raisins by Sainsbury's","https://images.openfoodfacts.org/images/products/000/656/558/0483/front_en.3.400.jpg","openfoodfacts:uk"
"0006591605037","","","","","https://images.openfoodfacts.org/images/products/000/659/160/5037/front_en.5.400.jpg","openfoodfacts:uk"
"0006635512000","","","","Meats and their products, Prepared meats, Hams","","openfoodfacts:uk"
"0006646268873","Dried Cranberries","Aldi","150g","","https://images.openfoodfacts.org/images/products/000/664/626/8873/front_en.3.400.jpg","openfoodfacts:uk"
"00066549","Sweet & Smoky BBQ","M&S","150 g","Snacks, Salty snacks, Appetizers, Chips and fries, Crisps, en:potato-crisps","https://images.openfoodfacts.org/images/products/000/000/006/6549/front_en.16.400.jpg","openfoodfacts:uk"
"0006720739046","","","","","https://images.openfoodfacts.org/images/products/000/672/073/9046/front_en.3.400.jpg","openfoodfacts:uk"
"0006736436434","","","","","https://images.openfoodfacts.org/images/products/000/673/643/6434/front_en.3.400.jpg","openfoodfacts:uk"
"0006820263816","","","","","","openfoodfacts:uk"
"00068239","Vánoční džem","M&S Collection,M&S Food","250 g","Plant-based foods and beverages,Plant-based foods,Breakfasts,Spreads,Plant-based spreads,Sweet spreads,Fruit and vegetable preserves,Jams","https://images.openfoodfacts.org/images/products/000/000/006/8239/front_en.17.400.jpg","openfoodfacts:uk"
"0006871780393","NEW LOOK Eat Real % FAY HUMMUS CHIPS SEA SALT+BALS","","","","","openfoodfacts:uk"
"00068789","Rollmop Herrings","Marks & Spencer","280 g","Seafood,Fishes and their products,Fishes,Fatty fishes,Herring,Pickled herring,Rollmops","https://images.openfoodfacts.org/images/products/000/000/006/8789/front_en.47.400.jpg","openfoodfacts:uk"
"0006930001087","","","","Berry juices","https://images.openfoodfacts.org/images/products/000/693/000/1087/front_en.3.400.jpg","openfoodfacts:uk"
"0006936600468","banana","","","","https://images.openfoodfacts.org/images/products/000/693/660/0468/front_en.3.400.jpg","openfoodfacts:uk"
"00069984","Cavolo Nero Kale","M&S, Marks & Spencer","200g","Vegetable,Kale,Greens","https://images.openfoodfacts.org/images/products/000/000/006/9984/front_en.3.400.jpg","openfoodfacts:uk"
"00070430","Creamy Chicken Pie","Marks & Spencer","1 personne","Viandes et dérivés, Plats préparés, Plats préparés à la viande, Tartes, Plats à la volaille, Réfrigérés, Plats au poulet, Plats préparés réfrigérés, Tourtes","https://images.openfoodfacts.org/images/products/000/000/007/0430/front_fr.12.400.jpg","openfoodfacts:uk"
"00070553","Sausage Rolls","Marks & Spencer","160 g","","https://images.openfoodfacts.org/images/products/000/000/007/0553/front_fr.17.400.jpg","openfoodfacts:uk"
"00071093","Hollow Milk Chocolate Decorated R2D2","Disney, Marks & Spencer","215 g e","Snacks, Sweet snacks, Cocoa and its products, Specific products, Chocolates, Chocolate molds, Milk chocolates, Licensed products, Chocolate-droid","https://images.openfoodfacts.org/images/products/000/000/007/1093/front_en.22.400.jpg","openfoodfacts:uk"
"00071185","Spiketail the dinosaur","Marks & Spencer","205 g e","Snacks, Sweet snacks, Cocoa and its products, Festive foods, Chocolates, Chocolate molds, Chocolate Sculptures, Easter food, Chocolate dinosaurs","https://images.openfoodfacts.org/images/products/000/000/007/1185/front_en.6.400.jpg","openfoodfacts:uk"
"00071192","Marzipan Spring Fruits","Marks & Spencer","","Snacks, Sweet snacks, Confectioneries, Marzipan","https://images.openfoodfacts.org/images/products/000/000/007/1192/front_en.3.400.jpg","openfoodfacts:uk"
"00071321","Smoothie Vanilla Bean Maple Syrup & Yogurt","M&S","","en:simple-syrups","https://images.openfoodfacts.org/images/products/000/000/007/1321/front_fr.3.400.jpg","openfoodfacts:uk"
"00071338","Smoothie super Berry","M&S","","Aliments et boissons à base de végétaux, Boissons, Boissons à base de végétaux, Smoothies","https://images.openfoodfacts.org/images/products/000/000/007/1338/front_fr.4.400.jpg","openfoodfacts:uk"
"00071406","Super broccoli spinach & pea soup","M&S","","Plant-based foods and beverages, Plant-based foods, Fruits and vegetables based foods, Meals, Soups, Vegetable soups","https://images.openfoodfacts.org/images/products/000/000/007/1406/front_en.19.400.jpg","openfoodfacts:uk"
"00071543","Aloe Vera Grape & Apple Juice","M&S","","Aliments et boissons à base de végétaux, Boissons, Boissons à base de végétaux, Boissons aux fruits","https://images.openfoodfacts.org/images/products/000/000/007/1543/front_fr.3.400.jpg","openfoodfacts:uk"
"00071574","Smoothie Orange, Carrot & Mango","Marks & Spencer","750 ml","Aliments et boissons à base de végétaux, Boissons, Boissons à base de végétaux, Aliments et boissons à base de légumes, Boissons aux fruits, Boissons aux légumes, Réfrigérés, Smoothies, Smoothies aux fruits","https://images.openfoodfacts.org/images/products/000/000/007/1574/front_fr.11.400.jpg","openfoodfacts:uk"
"00071604","CRANBERRY & RASPERRY JUICE DRINK","M&S","","Plant-based foods and beverages, Beverages, Plant-based beverages, Fruit-based beverages, Artificially sweetened beverages","https://images.openfoodfacts.org/images/products/000/000/007/1604/front_en.20.400.jpg","openfoodfacts:uk"
"00072700","Semi skimmed milk","M&S","","Dairies, Milks, Semi-skimmed milks","https://images.openfoodfacts.org/images/products/000/000/007/2700/front_en.3.400.jpg","openfoodfacts:uk"
"00072731","Goose Fat Roasting Potatoes","M&S","","","","openfoodfacts:uk"
"00072779","eat. well M&S -FOOD- ROOTS FOR ROASTING CARROTS, P","Marks & Spencer","","","","openfoodfacts:uk"
"0007282283411","ND C RITI ATO OKED M&S &lt;-FOOD- HAND COOKED ature C","","","","","openfoodfacts:uk"
"00072847","Pho Noodle Pot","Marks & Spencer","","Aliments et boissons à base de végétaux, Aliments d'origine végétale, Céréales et pommes de terre, Céréales et dérivés, Produits déshydratés, Pâtes alimentaires, Produits lyophilisés à reconstituer, Nouilles, Nouilles instantanées, Soupes de nouilles instantanées","https://images.openfoodfacts.org/images/products/000/000/007/2847/front_fr.4.400.jpg","openfoodfacts:uk"
"00072854","Tom Yum Noodle Pot","Marks & Spencer","","Aliments et boissons à base de végétaux, Aliments d'origine végétale, Céréales et pommes de terre, Céréales et dérivés, Produits déshydratés, Pâtes alimentaires, Produits lyophilisés à reconstituer, Nouilles, Nouilles instantanées, Soupes de nouilles instantanées","https://images.openfoodfacts.org/images/products/000/000/007/2854/front_fr.4.400.jpg","openfoodfacts:uk"
"00072861","Ramen noodle pot","M&S","98 g","Plant-based foods and beverages, Plant-based foods, Cereals and potatoes, Cereals and their products, Pastas, Noodles","https://images.openfoodfacts.org/images/products/000/000/007/2861/front_en.3.400.jpg","openfoodfacts:uk"
"00072878","Laksa noodle pot","M&S","99 g","Plant-based foods and beverages, Plant-based foods, Cereals and potatoes, Cereals and their products, Pastas, Noodles","https://images.openfoodfacts.org/images/products/000/000/007/2878/front_en.3.400.jpg","openfoodfacts:uk"
"00072915","Blue milk","Marks & Spencer","","","https://images.openfoodfacts.org/images/products/000/000/007/2915/front_en.3.400.jpg","openfoodfacts:uk"
"00073455","grilled Cajun chicken breast, spicy wedges & sour cream","Count on US, M&S, Marks & Spencer","350 g","Viandes et dérivés, Plats préparés, Plats préparés à la viande, Plats à la volaille, Plats au poulet, Plats préparés à faible teneur en matières grasses","https://images.openfoodfacts.org/images/products/000/000/007/3455/front_fr.5.400.jpg","openfoodfacts:uk"
"00073592","Chargrilled Chicken Courgetti","Marks & Spencer","","Eat well","https://images.openfoodfacts.org/images/products/000/000/007/3592/front_fr.4.400.jpg","openfoodfacts:uk"
"00073677","Tikka Chicken & Spiced Cauliflower Rice","Marks & Spencer","","Meals, Meals with meat, Poultry meals, Meals with chicken","https://images.openfoodfacts.org/images/products/000/000/007/3677/front_fr.4.400.jpg","openfoodfacts:uk"
"00073707","Katsu curry paste","Marks & Spencer","","en:curry-pastes","https://images.openfoodfacts.org/images/products/000/000/007/3707/front_en.3.400.jpg","openfoodfacts:uk"
"00073899","Cornish Cove Cheddar","Marks & Spencer,M&S","200 g e","Produits laitiers, Produits fermentés, Produits laitiers fermentés, Fromages, Fromages de vache, Fromages du Royaume-Uni, Fromages d'Angleterre, Cheddars, Cheddar doux","https://images.openfoodfacts.org/images/products/000/000/007/3899/front_fr.10.400.jpg","openfoodfacts:uk"
"00073974","Mango & Passion Fruit & Greek Style Yogurt Snack Pot","Marks & Spencer","","Produits laitiers, Produits fermentés, Desserts, Produits laitiers fermentés, Desserts lactés, Desserts lactés fermentés, Desserts lactés fermentés aux fruits, Yaourts, Yaourts aux fruits, Yaourts à la grecque, Yaourts à la mangue","https://images.openfoodfacts.org/images/products/000/000/007/3974/front_fr.4.400.jpg","openfoodfacts:uk"
"00074742","Taste the Difference Raspberry Conserve","Sainsbury's, Taste the difference","340g","Plant-based foods and beverages, Plant-based foods, Breakfasts, Fruits and vegetables based foods, Spreads, Fruits based foods, Plant-based spreads, Sweet spreads, Fruit and vegetable preserves, Jams, Berry jams, Raspberry jams","https://images.openfoodfacts.org/images/products/000/000/007/4742/front_en.26.400.jpg","openfoodfacts:uk"
"00074896","Apricot conserve","","","en:apricot-jams","https://images.openfoodfacts.org/images/products/000/000/007/4896/front_en.3.400.jpg","openfoodfacts:uk"
"00074957","Corned beef crispbakes","M&S,Marks & Spencer","227 g","Croquette, en:beef-dishes","https://images.openfoodfacts.org/images/products/000/000/007/4957/front_en.5.400.jpg","openfoodfacts:uk"
"00074988","Strawberry Conserve","Sainsbury's","340 g","Plant-based foods and beverages, Plant-based foods, Breakfasts, Fruits and vegetables based foods, Spreads, Fruits based foods, Plant-based spreads, Sweet spreads, Fruit and vegetable preserves, Jams, Berry jams, Strawberry jams","https://images.openfoodfacts.org/images/products/000/000/007/4988/front_en.3.400.jpg","openfoodfacts:uk"
"0007500183899","Soy, ginger and salmon fillets","Marks and Spencer","2, 260g","Seafood, Fishes and their products, Fishes, en:salmons","https://images.openfoodfacts.org/images/products/000/750/018/3899/front_en.3.400.jpg","openfoodfacts:uk"
"00075053","Mango et lime gum","M&S","","Snacks, Snacks sucrés, Confiseries, Chewing-gum, Chewing-gum sans sucres","https://images.openfoodfacts.org/images/products/000/000/007/5053/front_fr.23.400.jpg","openfoodfacts:uk"
"00075459","Mediterranean style Orzo","Marks & Spencer","190 g","","https://images.openfoodfacts.org/images/products/000/000/007/5459/front_en.3.400.jpg","openfoodfacts:uk"
"00075473","SUPERGREEN SALAD WITH A FRUITY GINGER DRESSING","M&S FOOD","190g","Mixed Salad","https://images.openfoodfacts.org/images/products/000/000/007/5473/front_en.7.400.jpg","openfoodfacts:uk"
"00076395","Tinned potatoes","","","","","openfoodfacts:uk"
"00076418","Roasted pistachio nuts","Marks & Spencer","","Aliments et boissons à base de végétaux, Aliments d'origine végétale, Fruits à coques et dérivés, Fruits à coques","https://images.openfoodfacts.org/images/products/000/000/007/6418/front_fr.4.400.jpg","openfoodfacts:uk"
"00076517","Banana & Berries","Marks & Spencer","","Aliments et boissons à base de végétaux, Aliments d'origine végétale, Aliments à base de fruits et de légumes, Fruits et produits dérivés, Fruits","https://images.openfoodfacts.org/images/products/000/000/007/6517/front_fr.4.400.jpg","openfoodfacts:uk"
"00076630","Broccoli","Sainsbury's,by sainsbury's","335g","Plant-based foods and beverages, Plant-based foods, Fruits and vegetables based foods, Vegetables based foods, Fresh foods, Fresh plant-based foods, Leaf vegetables, Fresh vegetables, Broccoli","https://images.openfoodfacts.org/images/products/000/000/007/6630/front_en.5.400.jpg","openfoodfacts:uk"
"0007666869835","","","","","https://images.openfoodfacts.org/images/products/000/766/686/9835/front_en.3.400.jpg","openfoodfacts:uk"
"00076715","Natural Nut Collection","Marks & Spencer","","Plant-based foods and beverages, Plant-based foods, Nuts and their products, Nuts, Shelled nuts","https://images.openfoodfacts.org/images/products/000/000/007/6715/front_en.30.400.jpg","openfoodfacts:uk"
"0007703063035","","","","","https://images.openfoodfacts.org/images/products/000/770/306/3035/front_en.5.400.jpg","openfoodfacts:uk"
"00077101","Tuna & sweetcorn","M&S","","en:tuna-salad","https://images.openfoodfacts.org/images/products/000/000/007/7101/front_fr.4.400.jpg","openfoodfacts:uk"
"00077125","Free range egg mayonnaise","M&S","","Condiments, Sauces, Mayonnaises, en:groceries","https://images.openfoodfacts.org/images/products/000/000/007/7125/front_fr.4.400.jpg","openfoodfacts:uk"
"00077859","Re-fried beans","Marks & Spencer","206 g","Plant-based foods and beverages, Plant-based foods, Prepared vegetables, Refried beans","https://images.openfoodfacts.org/images/products/000/000/007/7859/front_en.6.400.jpg","openfoodfacts:uk"
"00078115","Mild Cheddar with Onions & Chives","Marks & Spencer","160 g","Produits laitiers, Produits fermentés, Produits laitiers fermentés, Fromages, Fromages de vache, Fromages du Royaume-Uni, Fromages d'Angleterre, Fromages en tranches, Cheddars, Cheddar en tranches, Cheddar doux, Cheddar aux Oignons","https://images.openfoodfacts.org/images/products/000/000/007/8115/front_fr.5.400.jpg","openfoodfacts:uk"
"00078344","Tonic","","","","https://images.openfoodfacts.org/images/products/000/000/007/8344/front_en.3.400.jpg","openfoodfacts:uk"
"0007835210185","Gsn Thai Green Curry","Gsn","","","https://images.openfoodfacts.org/images/products/000/783/521/0185/front_en.3.400.jpg","openfoodfacts:uk"
"0007869090005","","","","","https://images.openfoodfacts.org/images/products/000/786/909/0005/front_en.3.400.jpg","openfoodfacts:uk"
"00078696","Chargrilled Chicken 17g Protein","M&S","130g","Meals,Prepared salads,Salads with meat,Chicken salads,Edamame,Chicken with Peanut","https://images.openfoodfacts.org/images/products/000/000/007/8696/front_en.21.400.jpg","openfoodfacts:uk"
"00078832","Berry Medley","Marks & Spencer","240 g e","Aliments et boissons à base de végétaux, Aliments d'origine végétale, Aliments à base de fruits et de légumes, Fruits et produits dérivés, Fruits, Fruits rouges, Mélanges de fruits","https://images.openfoodfacts.org/images/products/000/000/007/8832/front_fr.4.400.jpg","openfoodfacts:uk"
"00079112","Hoisin duck noodles","M&S","350 g","Aliments et boissons à base de végétaux, Aliments d'origine végétale, Céréales et pommes de terre, Céréales et dérivés, Produits déshydratés, Pâtes alimentaires, Produits lyophilisés à reconstituer, Nouilles","https://images.openfoodfacts.org/images/products/000/000/007/9112/front_en.38.400.jpg","openfoodfacts:uk"
"00079945","Festive chocolate roulade","Marks & Spencer","","Filled sponge cake rolls","https://images.openfoodfacts.org/images/products/000/000/007/9945/front_en.3.400.jpg","openfoodfacts:uk"
"0008035300171","","","","","","openfoodfacts:uk"
"00080477","Skinless and boneless mackerel fillets in a tomato sauce","Sainsburys","125 g","Seafood, Fishes and their products, Fishes, Fatty fishes, Fish fillets, Mackerels, Mackerel fillets, en:canned-fishes","https://images.openfoodfacts.org/images/products/000/000/008/0477/front_en.3.400.jpg","openfoodfacts:uk"
"00080484","Mackerel fillets in sunflower oil","Sainsburys","","Seafood, Fishes, Fatty fishes, Fish fillets, Mackerels, Mackerel fillets, Mackerel fillets in oil, Mackerel fillets in sunflower oil","https://images.openfoodfacts.org/images/products/000/000/008/0484/front_en.3.400.jpg","openfoodfacts:uk"
"0008050466364","","","","","https://images.openfoodfacts.org/images/products/000/805/046/6364/front_en.3.400.jpg","openfoodfacts:uk"
"0008053336466","","","4 x 330 ml","flavoured water","https://images.openfoodfacts.org/images/products/000/805/333/6466/front_en.3.400.jpg","openfoodfacts:uk"
"00080538","Fig Roll Biscuits","Sainsburys","200g","Snacks, Sweet snacks, Biscuits and cakes, en:biscuits","https://images.openfoodfacts.org/images/products/000/000/008/0538/front_en.20.400.jpg","openfoodfacts:uk"
"0008080043269","Nourishing Bidy Lotion","Molton Brown","","","","openfoodfacts:uk"
"0008080062482","","","","","https://images.openfoodfacts.org/images/products/000/808/006/2482/front_en.4.400.jpg","openfoodfacts:uk"
"0008080088383","Molton Brown Lime & Patchouli Hand Wash","Molton Brown","","","","openfoodfacts:uk"
"0008080089427","Purifying Conditioner With Indian Cress","Molton Brown","","","https://images.openfoodfacts.org/images/products/000/808/008/9427/front_en.5.400.jpg","openfoodfacts:uk"
"00080897","Poulet Korma & Riz Pilaf","Marks & Spencer","","Viandes et dérivés, Plats préparés, Plats préparés à la viande, Plats à base de riz, Plats à la volaille, Réfrigérés, Plats au poulet, Plats préparés à réchauffer au micro-ondes, Plats préparés réfrigérés","https://images.openfoodfacts.org/images/products/000/000/008/0897/front_fr.8.400.jpg","openfoodfacts:uk"
"00080910","Poulet Tikka Masala Et Riz Pilaf","Marks & Spencer","","Viandes et dérivés,Plats préparés,Plats préparés à la viande,Plats à la volaille,Réfrigérés,Plats au poulet,Plats préparés à réchauffer au micro-ondes,Plats préparés réfrigérés,Poulet tikka masala","https://images.openfoodfacts.org/images/products/000/000/008/0910/front_fr.3.400.jpg","openfoodfacts:uk"
"0008142646759","Carrot Cake Milk Chocolate","Coco","","","https://images.openfoodfacts.org/images/products/000/814/264/6759/front_en.3.400.jpg","openfoodfacts:uk"
"0008146576052","","","","sour dough bread","https://images.openfoodfacts.org/images/products/000/814/657/6052/front_en.3.400.jpg","openfoodfacts:uk"
"0008159305335","","","","","","openfoodfacts:uk"
"0008161035787","","","","Fruits","https://images.openfoodfacts.org/images/products/000/816/103/5787/front_en.3.400.jpg","openfoodfacts:uk"
"00081658","Cheese pizza","Marks & Spencer","","Meals, Pizzas pies and quiches, Pizzas, Vegetarian pizzas, Cheese pizzas","https://images.openfoodfacts.org/images/products/000/000/008/1658/front_en.3.400.jpg","openfoodfacts:uk"
"0008226502339","Roast Rib of Beef Flavour Potato Crisps","Fairfields Farm","150g","Flavoured potato crisps,Crisps","https://images.openfoodfacts.org/images/products/000/822/650/2339/front_en.3.400.jpg","openfoodfacts:uk"
"00082372","Millionaire's Mini Bites","Marks & Spencers","270 g","Snacks,Snacks sucrés,Biscuits et gâteaux,Biscuits","https://images.openfoodfacts.org/images/products/000/000/008/2372/front_en.17.400.jpg","openfoodfacts:uk"
"00082396","Unsmoked gammon","M&S","","","","openfoodfacts:uk"
"00082501","Smoked Gamon","M&S","750 g","","https://images.openfoodfacts.org/images/products/000/000/008/2501/front_en.10.400.jpg","openfoodfacts:uk"
"0008269481530","","","","Plant-based foods and beverages, Plant-based foods, Seafood, Seaweeds and their products, Seaweed products","https://images.openfoodfacts.org/images/products/000/826/948/1530/front_en.3.400.jpg","openfoodfacts:uk"
"0008300898969","Tomato Ketchup","M&S","495g","Tomato Ketchup","https://images.openfoodfacts.org/images/products/000/830/089/8969/front_en.3.400.jpg","openfoodfacts:uk"
"0008305034300","","","","","https://images.openfoodfacts.org/images/products/000/830/503/4300/front_en.3.400.jpg","openfoodfacts:uk"
"00083089","Dairy cream","Marks & Spencer","","Squirty creams","https://images.openfoodfacts.org/images/products/000/000/008/3089/front_fr.16.400.jpg","openfoodfacts:uk"
"00083287","Assam fine tea","","","Plant-based foods and beverages, Beverages, Hot beverages, Plant-based beverages","https://images.openfoodfacts.org/images/products/000/000/008/3287/front_en.3.400.jpg","openfoodfacts:uk"
"00083515","Beef Bourguignon","M&S","","","","openfoodfacts:uk"
"00084215","4 Black Pudding Slices","Marks & Spencer","113 g","Meats and their products, Prepared meats, Fish and meat and eggs, Offals, Tripe dishes, fr:Boudins, Black pudding","https://images.openfoodfacts.org/images/products/000/000/008/4215/front_en.11.400.jpg","openfoodfacts:uk"
"00084222","Poulet Kip Piri-Piri","Marks & Spencer","320 g","Viandes et dérivés,Plats préparés,Plats à base de pâtes,Salades composées,Plats préparés à la viande,Salades de pâtes,Réfrigérés,Plats préparés réfrigérés,en:salads,Salades de pâtes au poulet","https://images.openfoodfacts.org/images/products/000/000/008/4222/front_fr.4.400.jpg","openfoodfacts:uk"
"00084260","Macaroni","Sainsbury's","500g","Plant-based foods and beverages,Plant-based foods,Cereals and potatoes,Cereals and their products,Pastas,Cereal pastas,Dry pastas,Durum wheat pasta,Dry durum wheat pasta,Durum wheat macaroni","https://images.openfoodfacts.org/images/products/000/000/008/4260/front_en.4.400.jpg","openfoodfacts:uk"
"00084659","Cocktail sausages","Marks & Spencer","","","https://images.openfoodfacts.org/images/products/000/000/008/4659/front_en.3.400.jpg","openfoodfacts:uk"
"0008485654411","","","","garlic Powder","https://images.openfoodfacts.org/images/products/000/848/565/4411/front_en.3.400.jpg","openfoodfacts:uk"
"00084925","British Beef Burgers 3% Fat","Marks & Spencer","400g","Meats and their products, Beef and its products, Meats, Beef, Beef Burger","https://images.openfoodfacts.org/images/products/000/000/008/4925/front_en.9.400.jpg","openfoodfacts:uk"
"0008550002215","Organic Japanese Yaemon Tamari Soya Sauce","Clearspring","150ml","Condiments, Sauces, Soy sauces","https://images.openfoodfacts.org/images/products/000/855/000/2215/front_en.3.400.jpg","openfoodfacts:uk"
"0008577004742","maple syrup","Butternut Mountain Farm","","Sweeteners, Syrups, Simple syrups, Maple syrups","","openfoodfacts:uk"
"00085939","Sardines in tomato sauce","Sainsburys","120g","Seafood, Canned foods, Fishes, Fatty fishes, Canned fishes, Sardines, Canned sardines, Sardines in tomato sauce","https://images.openfoodfacts.org/images/products/000/000/008/5939/front_en.7.400.jpg","openfoodfacts:uk"
"0008604395867","","","","Saag Aloo","https://images.openfoodfacts.org/images/products/000/860/439/5867/front_en.3.400.jpg","openfoodfacts:uk"
"0008632205350","M&S cheese & onion deli filler","","","","https://images.openfoodfacts.org/images/products/000/863/220/5350/front_en.3.400.jpg","openfoodfacts:uk"
"0008644316419","","","","Plant-based foods and beverages, Fermented foods, Dairy substitutes, Desserts, Non-dairy desserts, Non-dairy fermented foods, Non-dairy yogurts, Soy milk yogurts, Plant","https://images.openfoodfacts.org/images/products/000/864/431/6419/front_en.3.400.jpg","openfoodfacts:uk"
"00086547","RICH TEA biscuits","Sainsbury's","","Snacks, Sweet snacks, Biscuits and cakes, Biscuits","https://images.openfoodfacts.org/images/products/000/000/008/6547/front_en.16.400.jpg","openfoodfacts:uk"
"00086660","prunes","by sainsbury's","250 g","Plant-based foods and beverages, Plant-based foods, Fruits and vegetables based foods, Fruits based foods, Fruits","https://images.openfoodfacts.org/images/products/000/000/008/6660/front_en.5.400.jpg","openfoodfacts:uk"
"0008688401270","","","","Plant-based foods and beverages, Plant-based foods, Pastas","https://images.openfoodfacts.org/images/products/000/868/840/1270/front_en.3.400.jpg","openfoodfacts:uk"
"00086974","Traditional Coleslaw","M&S","","Snacks, Salty snacks, Appetizers, Meals, Coleslaw","https://images.openfoodfacts.org/images/products/000/000/008/6974/front_fr.15.400.jpg","openfoodfacts:uk"
"00087162","Olive oil","Sainsbury","","en:olive-oils","https://images.openfoodfacts.org/images/products/000/000/008/7162/front_en.5.400.jpg","openfoodfacts:uk"
"00087186","Fairtrade Demerara Cane Sugar 1kg","Sainsbury's","","Sweeteners, Sugars, Cane sugar","https://images.openfoodfacts.org/images/products/000/000/008/7186/front_en.3.400.jpg","openfoodfacts:uk"
"00087193","Fairtrade Demerara Cane Sugar","Sainsbury’s","500g","en:sugars","","openfoodfacts:uk"
"00087216","English breakfast muffin mix","Marks & Spencer","","Snacks, Snacks sucrés, Biscuits et gâteaux, Gâteaux, Aides culinaires, Aides à la pâtisserie, en:Baking Mixes, Préparations pour desserts, Préparations pour gâteaux, en:Muffins mix","https://images.openfoodfacts.org/images/products/000/000/008/7216/front_fr.4.400.jpg","openfoodfacts:uk"
"00087322","Belgian chocolate coated marzipan balls","Marks & spencer","","","https://images.openfoodfacts.org/images/products/000/000/008/7322/front_en.4.400.jpg","openfoodfacts:uk"
"00087353","Milk chocolate cashew","M&S","","","https://images.openfoodfacts.org/images/products/000/000/008/7353/front_fr.3.400.jpg","openfoodfacts:uk"
"00087445","Peas & carrots","M&S","300 g","Plant-based foods and beverages, Plant-based foods, Legumes and their products, Canned foods, Fruits and vegetables based foods, Legumes, Canned plant-based foods, Vegetables based foods, Prepared vegetables","https://images.openfoodfacts.org/images/products/000/000/008/7445/front_en.4.400.jpg","openfoodfacts:uk"
"00087544","Lasagna al forno","M&S","730 g","Prepared lasagne","https://images.openfoodfacts.org/images/products/000/000/008/7544/front_en.18.400.jpg","openfoodfacts:uk"
"00087568","Lightly salted pitta chips","Marks & Spencer","","","https://images.openfoodfacts.org/images/products/000/000/008/7568/front_en.3.400.jpg","openfoodfacts:uk"
"00087728","Lemon meringue fudge","M&S","","Snacks, Snacks sucrés, Biscuits et gâteaux, Pâtisseries, Meringues","https://images.openfoodfacts.org/images/products/000/000/008/7728/front_fr.4.400.jpg","openfoodfacts:uk"
"0008800258232","Squeezy Honey","Grandessa","680g","Breakfasts,Sweet spreads,Bee products,Farming products,Sweeteners,Honeys","https://images.openfoodfacts.org/images/products/000/880/025/8232/front_en.5.400.jpg","openfoodfacts:uk"
"0008800324739","","Aldi","","","https://images.openfoodfacts.org/images/products/000/880/032/4739/front_en.3.400.jpg","openfoodfacts:uk"
"00088107","jam sandwich creams","","","Snacks, Sweet snacks, Biscuits and cakes","","openfoodfacts:uk"
"0008844056252","","","1 kg","Porridge-oats,Porridge","https://images.openfoodfacts.org/images/products/000/884/405/6252/front_en.3.400.jpg","openfoodfacts:uk"
"00088459","Falafel & Chargrilled Vegetables","Marks & Spencer","","Meals, Prepared salads, Meals with falafels","https://images.openfoodfacts.org/images/products/000/000/008/8459/front_en.3.400.jpg","openfoodfacts:uk"
"00088749","Dolly Mixtures","Marks & Spencer","120 g","Snacks, Snacks sucrés, Confiseries, Bonbons, Bonbons gélifiés","https://images.openfoodfacts.org/images/products/000/000/008/8749/front_fr.4.400.jpg","openfoodfacts:uk"
"00088817","Milk chocolate balls","M&S","","","https://images.openfoodfacts.org/images/products/000/000/008/8817/front_en.20.400.jpg","openfoodfacts:uk"
"00088862","British plain flour","Sainsbury's","500g","Plant-based foods and beverages, Plant-based foods, Cereals and potatoes, Cereals and their products, Flours, en:wheat-flours","https://images.openfoodfacts.org/images/products/000/000/008/8862/front_en.5.400.jpg","openfoodfacts:uk"
"00088879","British self raising flour","Sainsbury's","","Plant-based foods and beverages, Plant-based foods, Flours, Food additives, Baking powder or raising agent","https://images.openfoodfacts.org/images/products/000/000/008/8879/front_en.3.400.jpg","openfoodfacts:uk"
"00088886","British Self Raising Flour","Marks & Spencer","500 g","Plant-based foods and beverages, Plant-based foods, Cereals and potatoes, Cereals and their products, Flours, Cereal flours, Wheat flours, Self-raising wheat flour","https://images.openfoodfacts.org/images/products/000/000/008/8886/front_en.40.400.jpg","openfoodfacts:uk"
"00088893","Beetroot juice","M & S","","Aliments et boissons à base de végétaux, Boissons, Boissons à base de végétaux, Aliments et boissons à base de légumes, Jus et nectars, Boissons aux légumes, Jus de légumes, Boissons sans sucre ajouté","https://images.openfoodfacts.org/images/products/000/000/008/8893/front_fr.4.400.jpg","openfoodfacts:uk"
"00088978","Fresh Drinking Coconut","Marks & Spencer","1 pièce","Plant-based foods and beverages, Beverages, Plant-based beverages, Unsweetened beverages, Coconut waters","https://images.openfoodfacts.org/images/products/000/000/008/8978/front_en.27.400.jpg","openfoodfacts:uk"
"00089197","Tomato, garlic and chilli sauce","Marks & Spencer","150 g","","https://images.openfoodfacts.org/images/products/000/000/008/9197/front_en.3.400.jpg","openfoodfacts:uk"
"00089241","High Fibre Fusilloni","Marks & Spencer","","Plant-based foods and beverages, Plant-based foods, Cereals and potatoes, Cereals and their products, Pastas, en:dry-pastas","https://images.openfoodfacts.org/images/products/000/000/008/9241/front_fr.14.400.jpg","openfoodfacts:uk"
"0008930000978","","","","","https://images.openfoodfacts.org/images/products/000/893/000/0978/front_en.3.400.jpg","openfoodfacts:uk"
"0008930005447","Strawberry Kefir Yogurt","Graham’s","","","","openfoodfacts:uk"
"00089333","American Laid Back IPA","Adnams Brewery, Adnams Brewery Suffolk, Marks & Spencer","33 cl","Boissons, Boissons alcoolisées, Bières, en:Ales, Pale ales, Bières IPA, en:Country specific beers, Bières américaines, American-style IPA","https://images.openfoodfacts.org/images/products/000/000/008/9333/front_fr.6.400.jpg","openfoodfacts:uk"
"00089425","Cottage Pie","M&S","","","","openfoodfacts:uk"
"00089456","Scottish Hot Smoked Mackerel | 2 Fillets","Marks & Spencer","150g","en:mackerel-fillets","https://images.openfoodfacts.org/images/products/000/000/008/9456/front_en.28.400.jpg","openfoodfacts:uk"
"00089463","2 Scottish Peppered Hot Smoked Mackerel Fillets","Marks & Spencer","150g","Seafood, Fishes and their products, Fishes, Smoked fishes, Smoked mackerels, en:mackerel-fillets","https://images.openfoodfacts.org/images/products/000/000/008/9463/front_en.16.400.jpg","openfoodfacts:uk"
"00089555","Agua fresca watermelon & lime","M&S","","","https://images.openfoodfacts.org/images/products/000/000/008/9555/front_fr.10.400.jpg","openfoodfacts:uk"
"00089609","Coconut pot original","m&s","350 grams","Plant-based foods and beverages, Dairies, Fermented foods, Dairy substitutes, Desserts, Fermented milk products, Dairy desserts, Non-dairy desserts, Non-dairy fermented foods, Fermented dairy desserts, Non-dairy yogurts, Yogurts","https://images.openfoodfacts.org/images/products/000/000/008/9609/front_fr.4.400.jpg","openfoodfacts:uk"
"00089715","Chilli hallumi kebabs","Marks & Spencer","","","https://images.openfoodfacts.org/images/products/000/000/008/9715/front_en.3.400.jpg","openfoodfacts:uk"
"00089845","Piri piri chicken wrap","Marks & Spencer","","Sandwichs, Wraps, Wraps au poulet","https://images.openfoodfacts.org/images/products/000/000/008/9845/front_fr.4.400.jpg","openfoodfacts:uk"
"00089876","","Marks & Spencer","","","https://images.openfoodfacts.org/images/products/000/000/008/9876/front_en.3.400.jpg","openfoodfacts:uk"
"0008993238585","müller Rice STRAWBERRY X3 ORIGINAL X3 DELICIOUSLY","","","","","openfoodfacts:uk"
"00090056","Vegetables spring rolls","Marks & Spencer","215 g","Plats préparés, Nems","https://images.openfoodfacts.org/images/products/000/000/009/0056/front_en.19.400.jpg","openfoodfacts:uk"
"00090100","Pulled Pork & Chorizo Feijoada","M&S, Marks & Spencer","400 g","Viandes et dérivés, Plats préparés, Plats préparés à la viande, Plats au porc, Plats préparés à réchauffer au micro-ondes, Feijoada","https://images.openfoodfacts.org/images/products/000/000/009/0100/front_fr.6.400.jpg","openfoodfacts:uk"
"00090162","Beef and Dumpling Casserole","Marks & Spencer","","Steak Casserole with Suet Dumplings","https://images.openfoodfacts.org/images/products/000/000/009/0162/front_en.3.400.jpg","openfoodfacts:uk"
"0009020047200","Chicken Tikka with Sweet Potato, Chickpeas & Coconut Yoghurt","FuelHub","","","","openfoodfacts:uk"
"0009020047668","Tikka Chicken","FuelHub","","","","openfoodfacts:uk"
"0009027997300","Naked Chicken Burger With Chips & Chiple Mayo","Fuel Hub","","","https://images.openfoodfacts.org/images/products/000/902/799/7300/front_en.6.400.jpg","openfoodfacts:uk"
"0009027997331","Naked Chicken Burger","Fuelhub","","","https://images.openfoodfacts.org/images/products/000/902/799/7331/front_en.3.400.jpg","openfoodfacts:uk"
"0009028216400","Hoisin Beef Noodles & Asian Cabbage","Fuel Hub","","","","openfoodfacts:uk"
"0009035491500","Chicken Gyros With Rocket & Red Onion Salad","FuelHub","","","","openfoodfacts:uk"
"0009035491579","Chicken Gyros With Chips, Rocket & Red Onion Salad","Fuel Hub","","","","openfoodfacts:uk"
"0009035563900","Greek Chicken","FuelHub","","","","openfoodfacts:uk"
"0009035600056","Thai Coconut Chicken Curry With Jasmine Rice And Greens","Fuel Hub","","","https://images.openfoodfacts.org/images/products/000/903/560/0056/front_en.3.400.jpg","openfoodfacts:uk"
"0009035600957","Thai Coconut Chicken Curry With Jasmine Rice & Greens","Fuel Hub","","","","openfoodfacts:uk"
"0009035695700","Thai Coconut Chicken Curry & Basmati Rice","FuelHub","","","","openfoodfacts:uk"
"00090407","Brewer's Malted Grain","Marks And Spencer","","","https://images.openfoodfacts.org/images/products/000/000/009/0407/front_fr.3.400.jpg","openfoodfacts:uk"
"00090414","Miller’s Wholemeal","M&S","430g","Plant-based foods and beverages, Plant-based foods, Cereals and potatoes, Breads, Sliced breads, Wholemeal breads, Wholemeal sliced breads","https://images.openfoodfacts.org/images/products/000/000/009/0414/front_en.16.400.jpg","openfoodfacts:uk"
"00090476","M&S Wood Fired Pizza Ultra Thin Buffalo Mozzarella with fresh basil","M&S, Marks & Spencer","173g","Meals, Pizzas pies and quiches, Pizzas","https://images.openfoodfacts.org/images/products/000/000/009/0476/front_en.20.400.jpg","openfoodfacts:uk"
"00090483","Wood fired pizza","Marks & Spencer","168 g","Meals, Pizzas pies and quiches, Pizzas","https://images.openfoodfacts.org/images/products/000/000/009/0483/front_en.3.400.jpg","openfoodfacts:uk"
"0009052084105","Buttermilk pancakes","Sainsbury's taste the difference","280g (4 pancakes)","pancakes","https://images.openfoodfacts.org/images/products/000/905/208/4105/front_en.3.400.jpg","openfoodfacts:uk"
"0009096881210","","","","","https://images.openfoodfacts.org/images/products/000/909/688/1210/front_en.3.400.jpg","openfoodfacts:uk"
"00091244","Roasted Vegetables Lasagne","Marks & Spencer","400 g e","Pasta dishes,Refrigerated foods,Vegetarian lasagne","https://images.openfoodfacts.org/images/products/000/000/009/1244/front_en.30.400.jpg","openfoodfacts:uk"
"0009130025013","","","","","https://images.openfoodfacts.org/images/products/000/913/002/5013/front_en.3.400.jpg","openfoodfacts:uk"
"00091640","Moutarde Posh Dog","Marks & Spencer","300 g","Condiments, Sauces, Mustards, Groceries","https://images.openfoodfacts.org/images/products/000/000/009/1640/front_fr.3.400.jpg","openfoodfacts:uk"
"00091954","Meal for one Cottagr pie","Marks & Spencer","","cottage pie","https://images.openfoodfacts.org/images/products/000/000/009/1954/front_en.12.400.jpg","openfoodfacts:uk"
"00092159","kingsmill","Kingsmill","","","https://images.openfoodfacts.org/images/products/000/000/009/2159/front_en.4.400.jpg","openfoodfacts:uk"
"00092517","Tempura prawns with a sweet chilli sauce","Marks & Spencer","","en:shrimps","https://images.openfoodfacts.org/images/products/000/000/009/2517/front_en.3.400.jpg","openfoodfacts:uk"
"00092555","4 Lamb & Mint Burgers","Marks & Spencer","454 g","Viandes,Viandes fraîches,Préparations de viande,Sandwichs,Préparations de viande fraîches,Préparations de viande hâchée,Préparations de viande hachées fraîches,Viandes d'agneau,Hamburgers","https://images.openfoodfacts.org/images/products/000/000/009/2555/front_fr.18.400.jpg","openfoodfacts:uk"
"0009283316648","Soy & Honey Sea Bass with Sweet Chilli Quinoa Salad & Kale","FuelHub","","","","openfoodfacts:uk"
"0009302397030","Blueberry whole grain oat bar","Stoats","42g","Cereal bars","https://images.openfoodfacts.org/images/products/000/930/239/7030/front_en.3.400.jpg","openfoodfacts:uk"
"0009305000319","Dandelion and Burdock","Fentimans","","","","openfoodfacts:uk"
"00093095","Rice, Black Quinoa & Feta","Marks & Spencer","170 g","","https://images.openfoodfacts.org/images/products/000/000/009/3095/front_en.3.400.jpg","openfoodfacts:uk"
"00093446","Vanilla Clotted Cream","Marks & Spencer","","","https://images.openfoodfacts.org/images/products/000/000/009/3446/front_en.7.400.jpg","openfoodfacts:uk"
"0009346400673","Herb Crusted Salmon With Roasted New Potatoes And Pesto Drizzle","Fuelhub","","","","openfoodfacts:uk"
"0009346406200","Herb Crusted Salmon With Roasted New Potatoes & Pesto Drizzle","FuelHub","","","","openfoodfacts:uk"
"00093521","Chorizo & chilli cheddar rollitos","Marks & Spencer","","chorizo and cheese rolls","https://images.openfoodfacts.org/images/products/000/000/009/3521/front_en.3.400.jpg","openfoodfacts:uk"
"00093538","Serrano ham and manchego rollitos","M&S Food","","en:hams","https://images.openfoodfacts.org/images/products/000/000/009/3538/front_fr.21.400.jpg","openfoodfacts:uk"
"0009355212359","","","","dandelion & burdock","https://images.openfoodfacts.org/images/products/000/935/521/2359/front_en.3.400.jpg","openfoodfacts:uk"
"00093699","Dinky sausage rolls","M&S Food","180g","Meals, Puff pastry meals, Friands, Large sausage rolls, en:mini-sausage-rolls","https://images.openfoodfacts.org/images/products/000/000/009/3699/front_en.3.400.jpg","openfoodfacts:uk"
"0009370060157","Salted Dark Chocolate Almonds","Forest Feast","","","https://images.openfoodfacts.org/images/products/000/937/006/0157/front_en.3.400.jpg","openfoodfacts:uk"
"0009394046151","","","","Lincolnshire steak pie","https://images.openfoodfacts.org/images/products/000/939/404/6151/front_en.3.400.jpg","openfoodfacts:uk"
"0009395623764","","","","","https://images.openfoodfacts.org/images/products/000/939/562/3764/front_en.3.400.jpg","openfoodfacts:uk"
"0009404441068","","","","Raspberry jams","https://images.openfoodfacts.org/images/products/000/940/444/1068/front_en.3.400.jpg","openfoodfacts:uk"
"00094207","King prawns","Marks and Spencer","","en:shrimps","https://images.openfoodfacts.org/images/products/000/000/009/4207/front_en.6.400.jpg","openfoodfacts:uk"
"00094429","Plain Folded Flatbreads","M&S Food","","Plant-based foods and beverages, Plant-based foods, Cereals and potatoes, Breads, Flatbreads","https://images.openfoodfacts.org/images/products/000/000/009/4429/front_en.4.400.jpg","openfoodfacts:uk"
"00094436","6 Seeded Folded Flatbreads","M&S","210g","Plant-based foods and beverages,Plant-based foods,Cereals and potatoes,Breads,Flatbreads,White breads,Wheat breads,Wheat flatbreads","https://images.openfoodfacts.org/images/products/000/000/009/4436/front_en.3.400.jpg","openfoodfacts:uk"
"00094634","Gluten free Steak & red wine pie","Marks & Spencer, Marks & Spencer Foods","1 pie, 200g","Meats and their products, Meats, Steaks, Meat pies, Pies, Steak pies, en:beef-dishes","https://images.openfoodfacts.org/images/products/000/000/009/4634/front_en.11.400.jpg","openfoodfacts:uk"
"00094979","British garden peas","Marks & Spencer","","Plant-based foods and beverages, Plant-based foods, Legumes and their products, Legumes","https://images.openfoodfacts.org/images/products/000/000/009/4979/front_en.10.400.jpg","openfoodfacts:uk"
"00094986","Breaded 9 Chunky Cod Fish Fingers","Marks & Spencer","","Seafood, Fishes and their products, Fish preparations, Breaded products, Breaded fish, Fish fingers","https://images.openfoodfacts.org/images/products/000/000/009/4986/front_en.8.400.jpg","openfoodfacts:uk"
"0009499957864","Frikadellen","THE Deli","500g","en:meat-balls","","openfoodfacts:uk"
"0009500369693","","","","","https://images.openfoodfacts.org/images/products/000/950/036/9693/front_en.3.400.jpg","openfoodfacts:uk"
"00095037","Straight cut chips","M&S","1.5kg","Chips and fries","https://images.openfoodfacts.org/images/products/000/000/009/5037/front_en.4.400.jpg","openfoodfacts:uk"
"0009507010390","Honeywell semolina 1.8kg","","","","","openfoodfacts:uk"
"00095204","Shorties","Sainsbury’s","","Snacks, Sweet snacks, Biscuits and cakes, Biscuits","","openfoodfacts:uk"
"0009527109128","","","","Plant-based foods and beverages, Plant-based foods, Breakfasts, Cereals and potatoes, Cereals and their products, Breakfast cereals, Porridge, Plain porridge","","openfoodfacts:uk"
"0009542034368","Assorted Chocolate Truffles","Lindor","","","https://images.openfoodfacts.org/images/products/000/954/203/4368/front_en.3.400.jpg","openfoodfacts:uk"
"0009589322046","","","","","","openfoodfacts:uk"
"00095921","Himalayan pink rick salt","Marks & Spencer","","","https://images.openfoodfacts.org/images/products/000/000/009/5921/front_en.3.400.jpg","openfoodfacts:uk"
"0009614002448","Chocolate Protein Pudding","Nomadic","","","","openfoodfacts:uk"
"0009614002684","Power Pot Vanilla","Nomadic","","","","openfoodfacts:uk"
"00096225","Made Without Wheat New York Cheesecake","Marks & Spencer","200 g","Snacks, Snacks sucrés, Biscuits et gâteaux, Gâteaux, Cheesecakes","https://images.openfoodfacts.org/images/products/000/000/009/6225/front_fr.19.400.jpg","openfoodfacts:uk"
"00096249","Spahgetti Cabonara","Esselunga","300 g","","https://images.openfoodfacts.org/images/products/000/000/009/6249/front_en.10.400.jpg","openfoodfacts:uk"
"00096300","Strawberries","Marks & Spencer","","Plant-based foods and beverages, Plant-based foods, Fruits and vegetables based foods, Fruits based foods, Fruits, Berries, Strawberries","https://images.openfoodfacts.org/images/products/000/000/009/6300/front_en.3.400.jpg","openfoodfacts:uk"
"0009633364107","","","","Canned fruits","https://images.openfoodfacts.org/images/products/000/963/336/4107/front_en.3.400.jpg","openfoodfacts:uk"
"00096379","","Marks & Spencer","","","https://images.openfoodfacts.org/images/products/000/000/009/6379/front_en.3.400.jpg","openfoodfacts:uk"
"00096386","Aberdeen angus beef","M&S","","","https://images.openfoodfacts.org/images/products/000/000/009/6386/front_en.27.400.jpg","openfoodfacts:uk"
"00096430","Pains Aux Raisins","Marks & Spencer, M&S","576g","Snacks, Sweet snacks, Biscuits and cakes, Sweet pastries and pies, Viennoiseries, Pastries, Breads with raisins","https://images.openfoodfacts.org/images/products/000/000/009/6430/front_en.26.400.jpg","openfoodfacts:uk"
"00096485","Blueberries crips & Juicy Organic","M&S","","Plant-based foods and beverages, Plant-based foods, Fruits and vegetables based foods, Fruits based foods, Fruits, Berries, Blueberries","https://images.openfoodfacts.org/images/products/000/000/009/6485/front_en.33.400.jpg","openfoodfacts:uk"
"00096560","Granary Loaf","M&S Eat Well","370 g","Granary Breads","https://images.openfoodfacts.org/images/products/000/000/009/6560/front_en.3.400.jpg","openfoodfacts:uk"
"0009670437000","Steak Strips With Sweet Potato Broccoli And Balsamic Onions","Fuelhub","","","","openfoodfacts:uk"
"00096737","Passion fruit & orange jelly","Marks & Spencer","","","https://images.openfoodfacts.org/images/products/000/000/009/6737/front_en.3.400.jpg","openfoodfacts:uk"
"0009680969300","Goan Prawn Curry with Rice and Green Beans","FuelHub","","","","openfoodfacts:uk"
"0009681125200","Chicken Katsu Curry","Fuel Hub","","","","openfoodfacts:uk"
"0009699677364","","","","Beverages, Alcoholic beverages, Wines, Red wines","","openfoodfacts:uk"
"0009724030300","African Beef and Peanut Stew with Brown Rice & Spinach","FuelHub","","","","openfoodfacts:uk"
"00097604","Brioche Burger Buns","Marks & Spencer","","Plant-based foods and beverages, Plant-based foods, Snacks, Cereals and potatoes, Sweet snacks, Sweet pastries and pies, Breads, Viennoiseries, Brioches, Special breads, Hamburger buns, Small brioches","https://images.openfoodfacts.org/images/products/000/000/009/7604/front_en.21.400.jpg","openfoodfacts:uk"
"00097642","Santini vine ripened tomatoes","Marks and Spencer","","","https://images.openfoodfacts.org/images/products/000/000/009/7642/front_en.4.400.jpg","openfoodfacts:uk"
"0009770140350","Tomato and Three Bean Soup","Be Good to yourself","400g","Tinned Soup","https://images.openfoodfacts.org/images/products/000/977/014/0350/front_en.3.400.jpg","openfoodfacts:uk"
"0009770140633","","","","Lentil soups","https://images.openfoodfacts.org/images/products/000/977/014/0633/front_en.3.400.jpg","openfoodfacts:uk"
"0009777263366","","","","Plant-based foods and beverages, Beverages, Dairy substitutes, Milk substitutes, Plant-based beverages, Plant-based milk alternatives","https://images.openfoodfacts.org/images/products/000/977/726/3366/front_en.3.400.jpg","openfoodfacts:uk"
"0009780175328","","Tropical sun","400ml","coconut milk","https://images.openfoodfacts.org/images/products/000/978/017/5328/front_en.3.400.jpg","openfoodfacts:uk"
"00098144","Ginger snaps","Sainsbury's","","Snacks, Sweet snacks, Biscuits and cakes, Biscuits","https://images.openfoodfacts.org/images/products/000/000/009/8144/front_en.35.400.jpg","openfoodfacts:uk"
"00098236","Custard","M&S","","","https://images.openfoodfacts.org/images/products/000/000/009/8236/front_fr.3.400.jpg","openfoodfacts:uk"
"0009845346434","","","","","https://images.openfoodfacts.org/images/products/000/984/534/6434/front_en.3.400.jpg","openfoodfacts:uk"
"0009857107900","Sage Chicken with Sweet Potatoes, Broccoli & Gravy","Fuel Hun","","","","openfoodfacts:uk"
"00098632","Plant kitchen raspberry jelly terrine","Marks & Spencer","","","https://images.openfoodfacts.org/images/products/000/000/009/8632/front_en.11.400.jpg","openfoodfacts:uk"
"0009864421075","RIDGEL LIGHTLY SALTED TORTILLA CHIPS","","","","","openfoodfacts:uk"
"0009869673943","Panuts","Fairtrade by Sainsbury's","100g","Plant-based foods and beverages,Plant-based foods,Nuts and their products,Nuts","https://images.openfoodfacts.org/images/products/000/986/967/3943/front_en.3.400.jpg","openfoodfacts:uk"
"00098700","Connie The Caterpillar","M&S","","","","openfoodfacts:uk"
"00098762","Profiterole","Marks & Spencer","","snacks, sweet-snacks, biscuits-and-cakes, pastries, cream-puff, fr:profiteroles, sweet-dessert","https://images.openfoodfacts.org/images/products/000/000/009/8762/front_en.3.400.jpg","openfoodfacts:uk"
"00098953","M&S Super Fruity black cherry low fat live yoghurt","Marks & Spencer","","Dairies,Fermented foods,Fermented milk products,Desserts,Dairy desserts,Fermented dairy desserts,Yogurts,Low-fat yogurts,Fruit yogurts","https://images.openfoodfacts.org/images/products/000/000/009/8953/front_en.3.400.jpg","openfoodfacts:uk"
"00099059","Blood Orange","M&S Eat Well","230g (avg)","Plant-based foods and beverages,Plant-based foods,Fruits and vegetables based foods,Fruits based foods,Fruits,Citrus,Oranges,Blood oranges","","openfoodfacts:uk"
"0009909486663","","","","","https://images.openfoodfacts.org/images/products/000/990/948/6663/front_en.3.400.jpg","openfoodfacts:uk"
"00099134","Belgian Milk Chocolate Rice Cakes","M&S","","Aliments et boissons à base de végétaux, Aliments d'origine végétale, Céréales et pommes de terre, Céréales et dérivés, Galettes de céréales soufflées, Galettes de riz soufflé, Galettes de riz au chocolat au lait","https://images.openfoodfacts.org/images/products/000/000/009/9134/front_fr.16.400.jpg","openfoodfacts:uk"
"00099165","Cracked Black Pepper & Salted Popped Potato Chips","Marks & Spencer","23 g e","snacks, snacks-sales, amuse-gueules, chips-et-frites, chips, biscuits-aperitifs, biscuits-aperitifs-souffles","https://images.openfoodfacts.org/images/products/000/000/009/9165/front_fr.3.400.jpg","openfoodfacts:uk"
"00099196","Belgian Milk Chocolate Rice Cakes","Marks And Spencer","","","https://images.openfoodfacts.org/images/products/000/000/009/9196/front_en.3.400.jpg","openfoodfacts:uk"
"00099202","Yogurt coated rice cakes","M&S","","Aliments et boissons à base de végétaux, Aliments d'origine végétale, Céréales et pommes de terre, Céréales et dérivés","https://images.openfoodfacts.org/images/products/000/000/009/9202/front_fr.4.400.jpg","openfoodfacts:uk"
"00099233","Cheese twists","Marks & Spencer,มาร์คแอนด์สเปนเซอร์","125 g","Snacks,Salty snacks,Appetizers,Crackers (Appetizers)","https://images.openfoodfacts.org/images/products/000/000/009/9233/front_fr.9.400.jpg","openfoodfacts:uk"
"00099271","Smoothie Cucumber Avocado & Lime","M&S","","Plant-based foods and beverages, Beverages, Plant-based beverages, Smoothies","https://images.openfoodfacts.org/images/products/000/000/009/9271/front_en.6.400.jpg","openfoodfacts:uk"
"00099332","Wrap Poulet à la Jamaïcaine","Marks & Spencer","231 g","Plats préparés,Frais,Sandwichs,Plats préparés frais,Sandwichs à la volaille,Wraps,wraps au poulet","https://images.openfoodfacts.org/images/products/000/000/009/9332/front_fr.7.400.jpg","openfoodfacts:uk"
"00099400","Chinese Leaf","M&S","","","","openfoodfacts:uk"
"0009999624242","Sweetened Almond Milk","M&S","","","","openfoodfacts:uk"
"0009999645766","West Country Luxury Yogurt - Apple Crumble","M&S","150g","yogurt","https://images.openfoodfacts.org/images/products/000/999/964/5766/front_en.3.400.jpg","openfoodfacts:uk"
"0010000000016","Lorne","","","","https://images.openfoodfacts.org/images/products/001/000/000/0016/front_en.3.400.jpg","openfoodfacts:uk"
"0010000038958","Super Seedy & Nutty Porridge","Bio & Me","360g","Granola with nuts and seeds","https://images.openfoodfacts.org/images/products/001/000/003/8958/front_en.3.400.jpg","openfoodfacts:uk"
"00100151","2 Red Velvet Cupcakes","Sainsbury's","105g","Ca, en:cakes","https://images.openfoodfacts.org/images/products/000/000/010/0151/front_en.21.400.jpg","openfoodfacts:uk"
"0010031463484","Estiness avec of Milk, Wheat age con tes is a prox","","","","","openfoodfacts:uk"
"0010042086009","","","140 g","","","openfoodfacts:uk"
"0010043861445","Monolaurin","Nature's Life","","","","openfoodfacts:uk"
"0010050541286","","","","","","openfoodfacts:uk"
"00100731","Minced beef crispbakes","Marks & Spencer","","","https://images.openfoodfacts.org/images/products/000/000/010/0731/front_en.3.400.jpg","openfoodfacts:uk"
"0010074616007","Asda Tagliatelle (Dry)","Asda","","","","openfoodfacts:uk"
"00100816","Strawberry jam and cream horns","Sainsbury's","","pastry","","openfoodfacts:uk"
"00100847","Pineapple juice","Sainsbury's","","Plant-based foods and beverages, Beverages, Plant-based beverages, Fruit-based beverages, Juices and nectars, Fruit juices, Pineapple juices","https://images.openfoodfacts.org/images/products/000/000/010/0847/front_en.3.400.jpg","openfoodfacts:uk"
"00100861","","Sainsbury's","","aliments-et-boissons-à-base-de-végétaux, fr:boissons, boissons-à-base-de-végétaux, fr:boissons-aux-fruits, fr:jus-et-nectars, fr:jus-de-fruits, boissons-sans-sucre-ajouté, fr:jus-de-pomme","https://images.openfoodfacts.org/images/products/000/000/010/0861/front_fr.4.400.jpg","openfoodfacts:uk"
"00100878","Non-GMO Fish (18501)","Sainsbury's, Sweet Candy","2x 74g","","https://images.openfoodfacts.org/images/products/000/000/010/0878/front_en.3.400.jpg","openfoodfacts:uk"
"00100885","Stringless runner beans","Marks and Spencer","","","https://images.openfoodfacts.org/images/products/000/000/010/0885/front_en.6.400.jpg","openfoodfacts:uk"
"00101042","Spaghetti Rings","Sainsbury's","400g","en:pastas","https://images.openfoodfacts.org/images/products/000/000/010/1042/front_en.10.400.jpg","openfoodfacts:uk"
"0010108232388","Apple & Mango Juice","Sainsbury's","","","https://images.openfoodfacts.org/images/products/001/010/823/2388/front_en.3.400.jpg","openfoodfacts:uk"
"0010120101037","","","","Bisto Gravy Powder","https://images.openfoodfacts.org/images/products/001/012/010/1037/front_en.3.400.jpg","openfoodfacts:uk"
"00101349","Belgian Tresor","Marks & Spencer","","","https://images.openfoodfacts.org/images/products/000/000/010/1349/front_en.3.400.jpg","openfoodfacts:uk"
"00101387","Belgian Celeste","Marks & Spencer","","","https://images.openfoodfacts.org/images/products/000/000/010/1387/front_en.3.400.jpg","openfoodfacts:uk"
"00101578","","","","","https://images.openfoodfacts.org/images/products/000/000/010/1578/front_en.3.400.jpg","openfoodfacts:uk"
"00101608","Swiss Chocolate - Chunky Triple Nut","Marks & Spencer","","Snacks, Snacks sucrés, Cacao et dérivés, Chocolats, Chocolats noirs","https://images.openfoodfacts.org/images/products/000/000/010/1608/front_fr.10.400.jpg","openfoodfacts:uk"
"00101639","Pork Sausage Rolls","Sainsbury's","120 g","Salty snacks,Sausage rolls","https://images.openfoodfacts.org/images/products/000/000/010/1639/front_en.41.400.jpg","openfoodfacts:uk"
"0010181041655","","Palmer’s Cocoa Butter","","","https://images.openfoodfacts.org/images/products/001/018/104/1655/front_en.4.400.jpg","openfoodfacts:uk"
"0010181043918","Palmer’s","Foot Magic","","","","openfoodfacts:uk"
"0010181044809","Cocoa Butter Formula","Palmer’s","","","","openfoodfacts:uk"
"0010181045936","cocoa butter","palmers","","","","openfoodfacts:uk"
"0010181075506","","","75 g","","https://images.openfoodfacts.org/images/products/001/018/107/5506/front_en.5.400.jpg","openfoodfacts:uk"
"00101813","Sausage rolls","Sainsbury's","60g","Snacks, Salty snacks, Appetizers, Sausage rolls","https://images.openfoodfacts.org/images/products/000/000/010/1813/front_en.3.400.jpg","openfoodfacts:uk"
"00102001","4migo Pears By Sainsbury’s","Sainsbury’s","","","","openfoodfacts:uk"
"00102261","eat. well M&S -FOOD- Watermelon USE BY 800-&gt; 1 of","Marks & Spencer","","Plant-based foods and beverages, Plant-based foods, Fruits and vegetables based foods, Fruits based foods, Fruits, Melons, Watermelons","https://images.openfoodfacts.org/images/products/000/000/010/2261/front_en.3.400.jpg","openfoodfacts:uk"
"00102308","","","","Condiments,Sauces","","openfoodfacts:uk"
"00102315","Mature cheddar & caramelised red onion baked potato crisps","M&S","","Plant-based foods and beverages, Plant-based foods, Snacks, Cereals and potatoes, Salty snacks, Appetizers, Chips and fries, Crisps, Potato crisps","https://images.openfoodfacts.org/images/products/000/000/010/2315/front_en.18.400.jpg","openfoodfacts:uk"
"00102445","Sticky date & cinnamon grain bars","M&S","135 g","","https://images.openfoodfacts.org/images/products/000/000/010/2445/front_fr.8.400.jpg","openfoodfacts:uk"
"00102452","Reduced fat Sour Cream & Chice Crisps","Marks & Spencer","","en:potato-crisps","https://images.openfoodfacts.org/images/products/000/000/010/2452/front_en.3.400.jpg","openfoodfacts:uk"
"00102469","Peanut, caramel & cocoa treat bars","M&S","","Snacks, Snacks sucrés, Barres, Barres de céréales","https://images.openfoodfacts.org/images/products/000/000/010/2469/front_fr.4.400.jpg","openfoodfacts:uk"
"00102476","3 Apple, Ginger & Dark Chocolate Treat Bars","Marks & Spencer","135 g e (3 * 45 g)","Snacks, Snacks sucrés, Barres, Barres de céréales, Barres de céréales aux fruits","https://images.openfoodfacts.org/images/products/000/000/010/2476/front_fr.8.400.jpg","openfoodfacts:uk"
"00102483","Treat bars","M&S","","Snacks, Snacks sucrés, Barres","https://images.openfoodfacts.org/images/products/000/000/010/2483/front_fr.4.400.jpg","openfoodfacts:uk"
"0010252215428","Morrisons SAVE PORRIGE DATS Serving suggestion же","","","","","openfoodfacts:uk"
"0010260403695","","Tesco","","Tahini","https://images.openfoodfacts.org/images/products/001/026/040/3695/front_en.3.400.jpg","openfoodfacts:uk"
"00102643","Ginger preserve","Sainsbury's","","en:ginger-preserves","https://images.openfoodfacts.org/images/products/000/000/010/2643/front_fr.4.400.jpg","openfoodfacts:uk"
"00102841","Almond & chocolate milk drink","M&S","","Aliments et boissons à base de végétaux, Boissons, Substituts de produits laitiers, Substituts du lait, Boissons à base de végétaux, Boissons végétales","https://images.openfoodfacts.org/images/products/000/000/010/2841/front_fr.4.400.jpg","openfoodfacts:uk"
"0010300808978","Salt & pepper cashews","M&S","","","","openfoodfacts:uk"
"0010301000340","","","","egg noodles","https://images.openfoodfacts.org/images/products/001/030/100/0340/front_en.3.400.jpg","openfoodfacts:uk"
"0010311181121","Olive Spread","Tesco","500g","Plastic","https://images.openfoodfacts.org/images/products/001/031/118/1121/front_en.4.400.jpg","openfoodfacts:uk"
"00103183","French style vinaigrette","Sainsburys","","Condiments, Sauces, Salad dressings, Vinaigrettes","https://images.openfoodfacts.org/images/products/000/000/010/3183/front_en.3.400.jpg","openfoodfacts:uk"
"00103190","Taste the Difference Balsamic Dressing","Sainsbury's","255 ml","en:salad-dressings","https://images.openfoodfacts.org/images/products/000/000/010/3190/front_en.8.400.jpg","openfoodfacts:uk"
"0010323564431","","","","","https://images.openfoodfacts.org/images/products/001/032/356/4431/front_en.3.400.jpg","openfoodfacts:uk"
"0010324986010","Sugar Snap Peas","Sainsbury’s","","","","openfoodfacts:uk"
"00103268","Toasted Marcona Almonds","Marks And Spencer","","Nuts","https://images.openfoodfacts.org/images/products/000/000/010/3268/front_en.3.400.jpg","openfoodfacts:uk"
"0010330570883","","","","","","openfoodfacts:uk"
"00103350","Sultana scones","Marks & Spencer","280g","Snacks, Sweet snacks, Sweet pastries and pies, Viennoiseries, Brioches, en:cakes","https://images.openfoodfacts.org/images/products/000/000/010/3350/front_fr.8.400.jpg","openfoodfacts:uk"
"0010364310691","Asda cookies and cream biscuits","","","","","openfoodfacts:uk"
"0010374003835","Budweiser beer","Budweiser","","Alcoholic beverages","https://images.openfoodfacts.org/images/products/001/037/400/3835/front_en.3.400.jpg","openfoodfacts:uk"
"0010380670601","","","","","https://images.openfoodfacts.org/images/products/001/038/067/0601/front_en.3.400.jpg","openfoodfacts:uk"
"00103923","","Sainsbury's, Sainsburys","","","https://images.openfoodfacts.org/images/products/000/000/010/3923/front_fr.3.400.jpg","openfoodfacts:uk"
"0010407000053","","","","Yeast Extract","https://images.openfoodfacts.org/images/products/001/040/700/0053/front_en.3.400.jpg","openfoodfacts:uk"
"0010408006542","Shires Chocolate Chip Cookie","Shire","","Snacks,Sweet snacks,Biscuits and cakes,Biscuits and crackers,Biscuits,Chocolate biscuits,Drop cookies,Chocolate chip cookies","https://images.openfoodfacts.org/images/products/001/040/800/6542/front_en.3.400.jpg","openfoodfacts:uk"
"00104302","Blueberry Muffins","M&S FOOD","260 g e","Snacks, Snacks sucrés, Biscuits et gâteaux, Gâteaux, Muffins, Muffins aux fruits, Muffins aux myrtilles","https://images.openfoodfacts.org/images/products/000/000/010/4302/front_fr.32.400.jpg","openfoodfacts:uk"
"00104364","BBQ Beef Jerky","Marks & Spencer","","Viandes et dérivés, Viandes, Viandes séchées, Viande de bœuf séchée","https://images.openfoodfacts.org/images/products/000/000/010/4364/front_fr.14.400.jpg","openfoodfacts:uk"
"00104456","Haggis","Marks & Spencer","454 g","Fish and meat and eggs, Offals, Haggis","https://images.openfoodfacts.org/images/products/000/000/010/4456/front_en.9.400.jpg","openfoodfacts:uk"
"0010485700005","","","300 g","","https://images.openfoodfacts.org/images/products/001/048/570/0005/front_en.3.400.jpg","openfoodfacts:uk"
"00104975","Single Origin - Intense Dark Cacao","Marks & Spencer","100g","Snacks, Sweet snacks, Cocoa and its products, Chocolates, Dark chocolates, Dark chocolate bar","https://images.openfoodfacts.org/images/products/000/000/010/4975/front_en.4.400.jpg","openfoodfacts:uk"
"00105095","Mini naan","Sainsbury's","","Aliments et boissons à base de végétaux, Aliments d'origine végétale, Céréales et pommes de terre, Pains, Pains spéciaux, Naans","https://images.openfoodfacts.org/images/products/000/000/010/5095/front_fr.4.400.jpg","openfoodfacts:uk"
"00105132","Scottish Double Cream","M&S","","","","openfoodfacts:uk"
"0010544574530","Soya Unsweetened","Aldi","1 litre","Soy-based drinks","https://images.openfoodfacts.org/images/products/001/054/457/4530/front_en.3.400.jpg","openfoodfacts:uk"
"0010546019459","Rack Of Lamb","M&S","","","","openfoodfacts:uk"
"00105903","Prawn Layered Salad","M&S Food","","Meals, Prepared salads, Chilled Pasta Salad","https://images.openfoodfacts.org/images/products/000/000/010/5903/front_en.12.400.jpg","openfoodfacts:uk"
"00106061","Prawn Layed Salad","Marks & Spencer","","","https://images.openfoodfacts.org/images/products/000/000/010/6061/front_en.3.400.jpg","openfoodfacts:uk"
"0010621087748","Sainsbury’s red wine vinegar","Sainsburys","500ml","Red wine vinegars,red wine vinegar","https://images.openfoodfacts.org/images/products/001/062/108/7748/front_en.3.400.jpg","openfoodfacts:uk"
"00106337","Reduced fat Tzatziki","M&S","","Condiments, Sauces, Tzatzíki, en:groceries","https://images.openfoodfacts.org/images/products/000/000/010/6337/front_fr.4.400.jpg","openfoodfacts:uk"
"00106498","Colin the Caterpillar cake","Marks & Spencer","625 g","Snacks, Sweet snacks, Confectioneries, Biscuits and cakes, Cakes","https://images.openfoodfacts.org/images/products/000/000/010/6498/front_en.3.400.jpg","openfoodfacts:uk"
"0010650401799","Peperami","Peperami","400g","Snacks","https://images.openfoodfacts.org/images/products/001/065/040/1799/front_en.3.400.jpg","openfoodfacts:uk"
"0010664000537","Buckwheat Hulled Groats","Minton & Donello","","","","openfoodfacts:uk"
"00106757","King Prawns","Sainsbury’s","","","","openfoodfacts:uk"
"0010680001174","Spitfire","Shepherd Neame","500ml","Beers from United Kingdom","https://images.openfoodfacts.org/images/products/001/068/000/1174/front_en.3.400.jpg","openfoodfacts:uk"
"0010700102003","Hard candy","Jolly Rancher","","Snacks, Sweet snacks, Confectioneries, Candies, Hard candies","https://images.openfoodfacts.org/images/products/001/070/010/2003/front_en.6.400.jpg","openfoodfacts:uk"
"0010700105974","","","","","","openfoodfacts:uk"
"0010700450296","Jolly Rancher Sour Surge","","","en:candies","https://images.openfoodfacts.org/images/products/001/070/045/0296/front_en.13.400.jpg","openfoodfacts:uk"
"0010700702999","Hard Candy","Jolly Rancher","184g","","https://images.openfoodfacts.org/images/products/001/070/070/2999/front_en.3.400.jpg","openfoodfacts:uk"
"0010701001183","","","","","","openfoodfacts:uk"
"0010707600489","Sainsburys Taste the Difference Cumberland Sausages","Sainsbury’s","6 sausages 400 grams","Meats and their products, Prepared meats, Sausages","https://images.openfoodfacts.org/images/products/001/070/760/0489/front_en.3.400.jpg","openfoodfacts:uk"
"0010722024871","asda long grain micro rice","","","","","openfoodfacts:uk"
"00107303","","","","Muesli flakes not fortified with vitamins and chemical elements","https://images.openfoodfacts.org/images/products/000/000/010/7303/front_en.4.400.jpg","openfoodfacts:uk"
"00107310","Prawn Layered Salad","Marks & Spencer","220 g","Meals, Pasta dishes, Prepared salads","https://images.openfoodfacts.org/images/products/000/000/010/7310/front_en.3.400.jpg","openfoodfacts:uk"
"00107884","Egg fried rice","M&S","300 g","Plats préparés, Céréales préparées, Riz préparés, Riz cantonais, en:Egg fried rice","https://images.openfoodfacts.org/images/products/000/000/010/7884/front_fr.3.400.jpg","openfoodfacts:uk"
"00107952","chunky country vegetable soup","M&S","600 g","en:vegetable-soups","https://images.openfoodfacts.org/images/products/000/000/010/7952/front_en.29.400.jpg","openfoodfacts:uk"
"0010801011112","Ramen Head Szechuan","","450g","Ramen noodles","https://images.openfoodfacts.org/images/products/001/080/101/1112/front_en.3.400.jpg","openfoodfacts:uk"
"00108171","Sweet Chilli Scottish Salmon Roast Fillets","Sainsbury's","","Seafood, Fishes and their products, Fishes, Fatty fishes, Fish fillets, Salmons, Salmon fillets","https://images.openfoodfacts.org/images/products/000/000/010/8171/front_en.6.400.jpg","openfoodfacts:uk"
"00108553","Turkey Crown","Sainsburys","","","","openfoodfacts:uk"
"00108782","Taste the difference mango and yuzu yogurt","Sainsbury's, Sainsburys, Sainsbury’s Taste the Difference, Taste the difference","","","https://images.openfoodfacts.org/images/products/000/000/010/8782/front_en.28.400.jpg","openfoodfacts:uk"
"00108867","Chick-a-Boo","Marks & Spencer","","Snacks, Snacks sucrés, Cacao et dérivés, Confiseries, Aliments festifs, Confiseries chocolatées, Chocolats, Aliments de Pâques","https://images.openfoodfacts.org/images/products/000/000/010/8867/front_fr.4.400.jpg","openfoodfacts:uk"
"00109024","Pilau rice","M&S","300 g","Plant-based foods and beverages, Plant-based foods, Cereals and potatoes, Seeds, Cereals and their products, Cereal grains, Rices, Aromatic rices, Indica rices, Long grain rices, Basmati rices, en:rice-dishes","https://images.openfoodfacts.org/images/products/000/000/010/9024/front_fr.34.400.jpg","openfoodfacts:uk"
"00109062","low fat Blackcurrant Yogurt","Sainsbury's","150g","Dairies, Fermented foods, Fermented milk products, Desserts, Dairy desserts, Fermented dairy desserts, Yogurts, en:fruit-yogurts","https://images.openfoodfacts.org/images/products/000/000/010/9062/front_en.4.400.jpg","openfoodfacts:uk"
"00109123","FrozenStrawberries","Trader Joe’s","","Plant-based foods and beverages, Plant-based foods, Fruits and vegetables based foods, Fruits based foods, Fruits, Berries, Strawberries","https://images.openfoodfacts.org/images/products/000/000/010/9123/front_en.20.400.jpg","openfoodfacts:uk"
"0010925201659","Rapeseed Oil Cooking Spray","Morrisons","190 ml","Plant-based foods and beverages,Plant-based foods,Fats,Vegetable fats,Vegetable oils,Rapeseed oils,Vegetable oil sprays","https://images.openfoodfacts.org/images/products/001/092/520/1659/front_en.3.400.jpg","openfoodfacts:uk"
"00109369","British strawberries","M&S Food","400 g","Plant-based foods and beverages,Plant-based foods,Fruits and vegetables based foods,Fruits based foods,Fruits,Berries,Strawberries","https://images.openfoodfacts.org/images/products/000/000/010/9369/front_en.25.400.jpg","openfoodfacts:uk"
"00109482","Easy cook long grain rice","Marks & Spencer","1 kg","","https://images.openfoodfacts.org/images/products/000/000/010/9482/front_en.21.400.jpg","openfoodfacts:uk"
"00109543","Salade De Riz, Haricots Noirs Et Feta","M&s","","Plats préparés, Salades composées, Plats à base de riz, Salades de riz, en:salads","https://images.openfoodfacts.org/images/products/000/000/010/9543/front_fr.3.400.jpg","openfoodfacts:uk"
"00109840","Indian style poppadoms","Sainsburys","64 g","Plant-based foods and beverages, Plant-based foods, Cereals and potatoes, Breads, Special breads, Flatbreads, Papadum","https://images.openfoodfacts.org/images/products/000/000/010/9840/front_en.5.400.jpg","openfoodfacts:uk"
"00109871","Broccoli & Cauliflower","Sainsbury's","240g","Plant-based foods and beverages, Plant-based foods, Fruits and vegetables based foods, Vegetables based foods, Leaf vegetables, Broccoli, Cauliflowers","https://images.openfoodfacts.org/images/products/000/000/010/9871/front_en.12.400.jpg","openfoodfacts:uk"
"0010989254783","","","500 g","","https://images.openfoodfacts.org/images/products/001/098/925/4783/front_zh.3.400.jpg","openfoodfacts:uk"
"00110112","Tex Mex Dips","Sainsbury's, Sainsburys","200 g","Meals, Prepared salads, Salads","https://images.openfoodfacts.org/images/products/000/000/011/0112/front_en.25.400.jpg","openfoodfacts:uk"
"00110150","Belgian chocolate mousse","","","","https://images.openfoodfacts.org/images/products/000/000/011/0150/front_en.3.400.jpg","openfoodfacts:uk"
"00110174","Columbian coffee mouse","Sainsbury's","","","https://images.openfoodfacts.org/images/products/000/000/011/0174/front_en.7.400.jpg","openfoodfacts:uk"
"00110433","Red Plums","Sainsbury's","","","https://images.openfoodfacts.org/images/products/000/000/011/0433/front_en.3.400.jpg","openfoodfacts:uk"
"0011110006752","","Kroger","","","https://images.openfoodfacts.org/images/products/001/111/000/6752/front_en.3.400.jpg","openfoodfacts:uk"
"0011110560469","Neopolitan Ice Cream","Party Pail","","","","openfoodfacts:uk"
"0011110887672","Simple Truth Organic Unsweetened Applesauce","Simple Truth Organic","90g","Aliments et boissons à base de végétaux,Aliments d'origine végétale,Aliments à base de fruits et de légumes,Desserts,Fruits et produits dérivés,Compotes,Compotes de pomme,Compotes pommes nature","https://images.openfoodfacts.org/images/products/001/111/088/7672/front_en.15.400.jpg","openfoodfacts:uk"
"0011110963581","Wild Caught Yellow Fin Tuna Steaks","Kroger","","","","openfoodfacts:uk"
"0011111245853","12 Enzyme Cleaning Sticks","","","","","openfoodfacts:uk"
"00111157","Rich Cream Sherry","","","","https://images.openfoodfacts.org/images/products/000/000/011/1157/front_en.3.400.jpg","openfoodfacts:uk"
"0011120540369","","","","","https://images.openfoodfacts.org/images/products/001/112/054/0369/front_en.3.400.jpg","openfoodfacts:uk"
"0011120556933","","","720 g","","https://images.openfoodfacts.org/images/products/001/112/055/6933/front_en.3.400.jpg","openfoodfacts:uk"
"0011152285863","Premium Grade Rice","Nishiki","4.54kg","Plant-based foods and beverages, Plant-based foods, Cereals and potatoes, Seeds, Cereals and their products, Cereal grains, Rices","https://images.openfoodfacts.org/images/products/001/115/228/5863/front_en.22.400.jpg","openfoodfacts:uk"
"0011152463292","DRY ROASTED EDAMAME WITH SEA SALT","hapi","100g","Plant-based foods and beverages, Plant-based foods, Legumes and their products, Snacks, Legumes, Seeds, Legume seeds, Soy beans, Edamame","https://images.openfoodfacts.org/images/products/001/115/246/3292/front_en.23.400.jpg","openfoodfacts:uk"
