"ean","name","brand","pack_size","category","image_url","source"
"05000116125234","Birds Eye Crispy Pancakes Beef & Onion 4 Pack 266G","BIRDS EYE","266G","Frozen Food > Frozen Ready Meals > Frozen Snacking","https://digitalcontent.api.tesco.com/v2/media/ghs/3e55410b-419d-4b54-a446-a54282fd37ec/15b37da6-6399-4dd8-8a6d-ac1358fcc282.jpeg","kaggle:crawlfeeds/tesco-uk-groceries-dataset"
"09781803683058","Unicorn & Dino Storybooks 4 Pack","IGLOO","","Home & Ents > Party & Giftwrap > Party Bags & Loot Bags","https://digitalcontent.api.tesco.com/v2/media/ghs/5deb22d1-7cc7-4cb9-9002-1fd6ea203059/93ed96a1-f2ac-4bcf-8803-ebdbb43b8373_674482878.jpeg","kaggle:crawlfeeds/tesco-uk-groceries-dataset"
"00000050020881","Schwartz Fish Seasoning 55G","SCHWARTZ","55G","Food Cupboard > Cooking Ingredients > Seasoning, Herbs & Spices","https://digitalcontent.api.tesco.com/v2/media/ghs/9c024dec-99a1-4dd0-aadb-f0d13b96c248/801f35a2-4b13-4e30-baf0-af589425c55a_1034377439.jpeg","kaggle:crawlfeeds/tesco-uk-groceries-dataset"
"05057545678336","Hearty Food Co Mac 'N' Cheese 400G","HEARTY FOOD CO.","400G","Frozen Food > Frozen Ready Meals > Frozen Italian & Mediterranean Ready Meals","https://digitalcontent.api.tesco.com/v2/media/ghs/40ceddbc-46b8-418e-8dbd-516477df6a3f/438f9241-7504-4d0f-827c-db1f85a454d5.jpeg","kaggle:crawlfeeds/tesco-uk-groceries-dataset"
"05051140474201","Tesco Dijon Mustard 185G","TESCO","185G","Food Cupboard > Table Sauces, Olives, Pickles & Chutney > Mustard","https://digitalcontent.api.tesco.com/v2/media/ghs/2f40e46b-e9f7-45cb-b632-61994e01bc28/a4cd1ab1-8338-4a37-9ecc-a81cd0795277_284196255.jpeg","kaggle:crawlfeeds/tesco-uk-groceries-dataset"
"08001110016372","Disaronno Amaretto 50Cl","DISARONNO","50CL","Drinks > Spirits > Tequila, Liqueurs & Aperitifs","https://digitalcontent.api.tesco.com/v2/media/ghs/333feea2-67f0-4d3c-b2ea-7bbe19afc0be/9a3a33aa-b10b-40c9-9601-507eeef5a1ca.jpeg","kaggle:crawlfeeds/tesco-uk-groceries-dataset"
"05031863162203","Little Life Buggy Blackout","LITTLE LIFE","","Baby > Toys & Nursery Accessories > Baby & Toddler Travel Accessories","https://digitalcontent.api.tesco.com/v2/media/ghs/c7cb70f6-faaf-4495-9459-fddad1dd27d2/91359716-2605-44c6-9cea-beb52a6670e1_561989845.jpeg","kaggle:crawlfeeds/tesco-uk-groceries-dataset"
"05010067310054","Crusha Limited Edition Milk Shake Mix Lime Flavoured 500Ml","CRUSHA","500ML","Drinks > Milkshake > Milkshake Mix","https://digitalcontent.api.tesco.com/v2/media/ghs/5fa3dad1-4483-40c6-9a5e-1e1c4618c562/818309b4-2a94-4078-b83c-a8fcc4a95953_618273382.jpeg","kaggle:crawlfeeds/tesco-uk-groceries-dataset"
"05000354919565","Bisto Onion Gravy Granules 190G","BISTO","190G","Food Cupboard > Cooking Ingredients > Gravy, Stuffing & Breadcrumbs","https://digitalcontent.api.tesco.com/v2/media/ghs/37c1df4f-97c6-4fd8-aea3-b50f941552bd/ee0b036c-5514-4897-b604-8121162df93d_307059837.jpeg","kaggle:crawlfeeds/tesco-uk-groceries-dataset"
"05057753893958","Tesco Finest Wholemeal Seeds And Grains Bread 800G","TESCO FINEST","800G","Bakery > Bread & Rolls > Seeded Bread","https://digitalcontent.api.tesco.com/v2/media/ghs/8f2ae742-2685-44e4-b257-7cbee1b0e862/b2991f2d-ac46-4974-901c-85168f276e20.jpeg","kaggle:crawlfeeds/tesco-uk-groceries-dataset"
"05059512729065","Nature's Choice Lamb Dry Dog Food 2Kg","TESCO PET","2KG","Pets > Dog Food & Accessories > Natural & Grain Free Dog Food","https://digitalcontent.api.tesco.com/v2/media/ghs/54e0e381-3d3c-42bd-895f-21f63c79c24e/49ac0cb6-4141-4641-84be-017138343846_200629868.jpeg","kaggle:crawlfeeds/tesco-uk-groceries-dataset"
"08720181218279","Dove 3In1 Beauty Cream Bar 2X90g","DOVE","180G","Health & Beauty > Shower, Bath & Hand Hygiene > Handwash","https://digitalcontent.api.tesco.com/v2/media/ghs/440eeb49-cea2-4bab-babd-3d688b795709/9001ef38-1862-450d-b692-797e8a0c025f_527938748.jpeg","kaggle:crawlfeeds/tesco-uk-groceries-dataset"
"00817939019849","Method Wild Rhubarb All Floor Cleaner 739Ml","METHOD","739ML","Household > Cleaning > Floor & Carpet Cleaner","https://digitalcontent.api.tesco.com/v2/media/ghs/b7c08b76-bf34-4140-8994-d628db7665e1/4135f57a-1184-45a7-bd21-98ca535854d0_388786275.jpeg","kaggle:crawlfeeds/tesco-uk-groceries-dataset"
"00855352008927","Athletic Brewing Co. Run Wild Alcohol Free Ipa 4X355ml","AHLTIC BRWNG CO","1420ML","Drinks > Beer & Cider > Alcohol Free & Low Alcohol Beer & Cider","https://digitalcontent.api.tesco.com/v2/media/ghs/4866b1c2-d5b3-455c-ad3f-2bddd5405320/748d3f8c-f5a3-4143-8f8f-6083c186fbd2_169078336.jpeg","kaggle:crawlfeeds/tesco-uk-groceries-dataset"
"05060427357373","St Moriz Advanced Colour Correct Self-Tanning Dark 200Ml","St. Moriz","200ML","Health & Beauty > Body Skincare > Fake Tan","https://digitalcontent.api.tesco.com/v2/media/ghs/cc519a81-6239-400a-8451-570503d04363/5a0a08ad-70fb-4f8b-a3e2-02bc3a1898ba_830978490.jpeg","kaggle:crawlfeeds/tesco-uk-groceries-dataset"
"00722776000311","Splenda Low Calorie Sweetener Granulated 125G","SPLENDA","125G","Food Cupboard > Home Baking & Sugar > Sweeteners & Sugar Substitutes","https://digitalcontent.api.tesco.com/v2/media/ghs/2ae97577-7114-4dc0-a533-0ed75ad5524e/91dc4f48-190c-42f8-bada-8d37358abca1_2057970549.jpeg","kaggle:crawlfeeds/tesco-uk-groceries-dataset"
"05060743172964","Bayswood Artificial Snake Plant","BAYSWOOD","","Home & Ents > Home Accessories > Decorative Accessories","https://digitalcontent.api.tesco.com/v2/media/ghs/d2344adc-2768-4175-9917-17b2bb1820f0/97c6e0da-291f-443f-837b-87c8dcbba616_1815995581.jpeg","kaggle:crawlfeeds/tesco-uk-groceries-dataset"
"05000205049205","Youngs Gastro Cod Parmesan Parsley 2 F/Cakes 270G","YOUNG'S","270G","Frozen Food > Frozen Fish & Seafood > Frozen Fish Cakes & Dippers","https://digitalcontent.api.tesco.com/v2/media/ghs/6d2c7671-4c00-4ef0-982f-df07164af2e2/553e3538-cc4c-4f60-8f18-c25e981d2737.jpeg","kaggle:crawlfeeds/tesco-uk-groceries-dataset"
"05028420002836","Joseph Joseph Grey Duo Multi Grip Mandoline","JOSEPH JOSEPH","","Home & Ents > Cooking & Dining > Kitchen Utensils","https://digitalcontent.api.tesco.com/v2/media/ghs/67b8cf5f-aa04-4d1f-ac22-9087b6de4d29/61a95f2d-3bf1-4d23-909b-69b01ffa25a1_1032181186.jpeg","kaggle:crawlfeeds/tesco-uk-groceries-dataset"
"00855380004403","Harry's Shave Cream With Eucalyptus","HARRY'S","100ML","Health & Beauty > Men's Toiletries > Shaving","https://digitalcontent.api.tesco.com/v2/media/ghs/75acaa81-44fb-4193-844e-ff9d2eb849ec/2335811b-949e-4c14-a9c9-205e26863bc7_1758807207.jpeg","kaggle:crawlfeeds/tesco-uk-groceries-dataset"
"05056175945832","Keep It Handy 6 In 1 Screwdriver","KEEP IT HANDY","","Home & Ents > DIY & Car Care > DIY","https://digitalcontent.api.tesco.com/v2/media/ghs/224f5e16-0cfa-49b4-bd96-4f685f810d30/9f706144-8185-4682-bb1f-11b84633a69c_1605622920.jpeg","kaggle:crawlfeeds/tesco-uk-groceries-dataset"
"05059944642390","Tesco Belonging Alphabet Mug A","TESCO HOME","","Home & Ents > Cooking & Dining > Tableware","https://digitalcontent.api.tesco.com/v2/media/ghs/dd54cd83-f810-40db-9f40-6f9de5bc7192/4b7a0af6-bbe3-41fb-8c7a-72aafa2169cb_2136050441.jpeg","kaggle:crawlfeeds/tesco-uk-groceries-dataset"
"05050179081091","Tesco Balti Sauce 500G","TESCO","500G","Food Cupboard > Cooking Sauces, Meal Kits & Sides > Indian","https://digitalcontent.api.tesco.com/v2/media/ghs/4be80839-c141-409e-ab28-9987abd8c97e/2e3a2565-2de3-486a-9610-644f18171307_1189246237.jpeg","kaggle:crawlfeeds/tesco-uk-groceries-dataset"
"05050974001348","Ryvita Cheddar & Crack Black Pepper Thins 125G","RYVITA","125G","Food Cupboard > Crackers & Crispbreads > Cheese Crackers, Breadsticks & Dipping","https://digitalcontent.api.tesco.com/v2/media/ghs/1b9648ac-56c8-44af-9171-04981427e6be/b87f095b-e3e3-434f-8ded-eead1f407272_1124947495.jpeg","kaggle:crawlfeeds/tesco-uk-groceries-dataset"
"05000221601906","Mr Kipling Lemon Slice 6 Pack","MR KIPLING","","Bakery > Cakes, Cake Bars, Slices & Pies > Small Cakes, Bites & Slices","https://digitalcontent.api.tesco.com/v2/media/ghs/9e2e1403-9058-4eac-8738-2b2cfa0b1882/21d9554a-3185-4d40-b5ff-5e4355e4e972.jpeg","kaggle:crawlfeeds/tesco-uk-groceries-dataset"
"05060235442414","Peckish 6 Energy Balls 6X80g","PECKISH","480G","Pets > Small Animal, Fish & Bird > Wild & Domestic Bird Food & Accessories","https://digitalcontent.api.tesco.com/v2/media/ghs/877ec206-9e6d-45bc-8b13-ad8f61721cb4/f8a3d1b3-01cc-48ae-adf0-06b7a7155b9c_547268837.jpeg","kaggle:crawlfeeds/tesco-uk-groceries-dataset"
"03026981626432","Sharpie S Gel Metallic Black 2 Pen 2 Refill","SHARPIE","","Home & Ents > Stationery, Arts & Crafts > Pens & Pencils","https://digitalcontent.api.tesco.com/v2/media/ghs/be24bbd9-81b4-498f-9339-5469bafa95b5/13e1dc39-f1bd-45de-a7a7-c4127f31be09_1179128725.jpeg","kaggle:crawlfeeds/tesco-uk-groceries-dataset"
"05054775897131","Tesco All Purpose Chopping Board","TESCO HOME","","Home & Ents > Cooking & Dining > Food Preparation","https://digitalcontent.api.tesco.com/v2/media/ghs/a9cbf471-be6b-4fe9-8790-3963e21222e6/b39bd6a7-f5f4-4d14-bb4e-e211a7ad7a39_1202927065.jpeg","kaggle:crawlfeeds/tesco-uk-groceries-dataset"
"05052003369467","Tesco British Pork Crumbed Ham 125G","TESCO","125G","Fresh Food > Cooked Meats, Antipasti & Dips > Ham Slices","https://digitalcontent.api.tesco.com/v2/media/ghs/e4f8b949-0d06-4b54-a7eb-af1283b6bf60/f2224b86-58a8-4288-b1fc-1434c506d1e5.jpeg","kaggle:crawlfeeds/tesco-uk-groceries-dataset"
"05000362400208","The Corner Deli Co. Chilli Crackers 65G","DELICATESSEN","65G","Fresh Food > Counters > Counter - Cheese","https://digitalcontent.api.tesco.com/v2/media/ghs/81fe8f61-a995-4611-be69-e890c660bff8/36b3ed3c-1ddc-4109-ba2f-b8f81e49cc71.jpeg","kaggle:crawlfeeds/tesco-uk-groceries-dataset"
"05019503025842","Quorn Crispy Nuggets 476G","QUORN","476G","Frozen Food > Frozen Vegetarian & Vegan > Frozen Nuggets, Meatballs & Bites","https://digitalcontent.api.tesco.com/v2/media/ghs/1b68afe8-7f07-4554-bfda-21e8c75b372b/9b1f17c7-583a-44c7-93cb-c1b02f909a22.jpeg","kaggle:crawlfeeds/tesco-uk-groceries-dataset"
"00000003492109","Tesco Finest Marron Chestnuts 400G","TESCO FINEST","400G","Fresh Food > Fresh Fruit > Dried Fruit, Nuts & Seeds","https://digitalcontent.api.tesco.com/v2/media/ghs/79b189ef-b4dc-4c0a-bf93-5cc56db4fa98/2c404e0c-ab97-4b11-8b36-b4c9fbc8abf1.jpeg","kaggle:crawlfeeds/tesco-uk-groceries-dataset"
"05024448533475","Tiger Tiger 5Mm Rice Sticks 400G","TIGER TIGER","400G","Food Cupboard > World Foods > Chinese & South East Asian","https://digitalcontent.api.tesco.com/v2/media/ghs/1754f8c7-3133-4e71-bc13-e60b5b6336c1/853b2aa4-c545-4483-a3e3-6e09f603e842_1325357260.jpeg","kaggle:crawlfeeds/tesco-uk-groceries-dataset"
"00000042182634","Vaseline Original Petroleum Jelly 100Ml","VASELINE","100ML","Baby > Baby & Toddler Toiletries > Nappy Cream","https://digitalcontent.api.tesco.com/v2/media/ghs/23397430-1012-46d2-838c-54f85d36701d/be47939a-5693-4ab7-b30b-aafd9e9f3c3a_1426716094.jpeg","kaggle:crawlfeeds/tesco-uk-groceries-dataset"
"07322541058870","Cushelle Quilted 3 Ply 16 Roll Family Pack","CUSHELLE","2512SHT","Household > Toilet Roll > Quilted Toilet Roll","https://digitalcontent.api.tesco.com/v2/media/ghs/016ab2d3-2a18-4771-ad61-6b5419ac4673/c04645fb-9b94-4f87-ac22-e0adf6865664_1693326886.jpeg","kaggle:crawlfeeds/tesco-uk-groceries-dataset"
"05011417568996","Strepsils Throat Pain Honey & Lemon X24","STREPSILS","","Health & Beauty > Medicine > Sore Throat","https://digitalcontent.api.tesco.com/v2/media/ghs/5b12730f-428a-474f-a4ca-9f54fc13a11a/93f7fcb3-5268-4796-9403-264f9f88376c_1356534480.jpeg","kaggle:crawlfeeds/tesco-uk-groceries-dataset"
"05000316030055","Dairy Pride Uht Skimmed Milk 1 Litre","DP","1L","Fresh Food > Milk, Butter & Eggs > Milk","https://digitalcontent.api.tesco.com/v2/media/ghs/d2fdb6c5-897e-42b6-97ce-3694e015cdf3/d3632bad-28c4-4448-9d18-36a98474b0fb_2123041940.jpeg","kaggle:crawlfeeds/tesco-uk-groceries-dataset"
"05059512336768","Fox & Ivy Malmo Cereal Bowl","Fox & Ivy","","Home & Ents > Cooking & Dining > Tableware","https://digitalcontent.api.tesco.com/v2/media/ghs/43113173-2d87-47d9-9238-4923a0e38b21/3273b4b3-2944-4f84-89fe-2aca072dc042_2090331564.jpeg","kaggle:crawlfeeds/tesco-uk-groceries-dataset"
"07622201695521","Philadelphia Original Soft Cheese 280G","PHILADELPHIA","280G","Fresh Food > Cheese > Cottage Cheese & Soft Cheese","https://digitalcontent.api.tesco.com/v2/media/ghs/c6041f54-fc64-4125-ab23-7a12ccf31fff/06096e7c-ff1d-4009-b171-4b62ee12fcc8_1014290229.jpeg","kaggle:crawlfeeds/tesco-uk-groceries-dataset"
"01230000043014","Halo Top Peanut Butter Swirl Sticks 3 X 100Ml","HALO TOP","300ML","Frozen Food > Ice Cream, Ice Lollies & Frozen Desserts > Ice Cream Sticks","https://digitalcontent.api.tesco.com/v2/media/ghs/6e15996f-423f-457d-b919-7140933538ac/b08aebfd-1772-4826-9162-85646a9b8569.jpeg","kaggle:crawlfeeds/tesco-uk-groceries-dataset"
"00000003341162","Tesco Tuna Chunks In Sunflower Oil 145G","TESCO","102G","Food Cupboard > Tins, Cans & Packets > Tinned Fish & Seafood","https://digitalcontent.api.tesco.com/v2/media/ghs/f4520c00-1202-40c1-87ed-63e9db95870c/ff91f26d-82bc-4bdb-bd55-6bab4ad6e6dd_310314048.jpeg","kaggle:crawlfeeds/tesco-uk-groceries-dataset"
"05059512738920","Tesco Vegetable Suet 200G","TESCO","200G","Food Cupboard > Home Baking & Sugar > Suet","https://digitalcontent.api.tesco.com/v2/media/ghs/8ac91681-80a5-49aa-b38b-72a6c6ca1617/97b68fcf-538a-464d-bd35-0917ee793878_652417935.jpeg","kaggle:crawlfeeds/tesco-uk-groceries-dataset"
"05000239058440","Good Boy Wagtastic Jumbo Twist Chicken 70G","WAGTASTIC","70G","Pets > Dog Food & Accessories > Dog Treats, Dental Chews & Biscuits","https://digitalcontent.api.tesco.com/v2/media/ghs/ddec5dec-6c5b-4fc3-a90e-bbeabf8022dc/345f7f4d-e146-4be0-8e8e-79ef053275bb_627641552.jpeg","kaggle:crawlfeeds/tesco-uk-groceries-dataset"
"05057753440473","Fred & Flo Easy Fit Pants Size 4 42Pk","FRED & FLO","","Baby > Nappies & Pants > Size 4 & 4+ Nappies & Pants","https://digitalcontent.api.tesco.com/v2/media/ghs/05b12aaf-3951-4361-b29f-06241bf21680/03e3411d-5dc3-41ae-b4f9-1655053d8a6d_1548980284.jpeg","kaggle:crawlfeeds/tesco-uk-groceries-dataset"
"05059697737619","Tesco Sweet And Sour Chicken 400G","TESCO","400G","Fresh Food > Ready Meals > Ready Meals for 1","https://digitalcontent.api.tesco.com/v2/media/ghs/54ffb176-9e78-4723-a222-0334daac26cd/34267fb1-3c2d-4042-b8e6-e3ac4911f41b.jpeg","kaggle:crawlfeeds/tesco-uk-groceries-dataset"
"05052675001153","The Spice Tailor Punjabi Chickpea Masala 400G","THE SPICE TAILOR","400G","Food Cupboard > Cooking Sauces, Meal Kits & Sides > Meal Kits","https://digitalcontent.api.tesco.com/v2/media/ghs/635dfac4-bfb5-4505-b706-bed714dcafbf/6445cba2-99b2-4137-8042-61ae141042e2_645733228.jpeg","kaggle:crawlfeeds/tesco-uk-groceries-dataset"
"05000161004232","Winalot Shapes 800G","WINALOT","0.8KG","Pets > Dog Food & Accessories > Bulk Dog Food","https://digitalcontent.api.tesco.com/v2/media/ghs/e2c19a5a-5d12-4a75-ba26-238f9ec4b104/694c96ca-400d-45c7-be8f-8b189a904075_1581086486.jpeg","kaggle:crawlfeeds/tesco-uk-groceries-dataset"
"05011408027976","L'oreal Paris Elnett Normal Strength Hair Spray 400Ml","ELNETT","400ML","Health & Beauty > Haircare & Styling > Hairspray","https://digitalcontent.api.tesco.com/v2/media/ghs/7d8109e2-0033-4d3d-9a8f-b371a70ccf38/b091a494-8a11-4174-9292-eb9a6bbcb1a7_317005695.jpeg","kaggle:crawlfeeds/tesco-uk-groceries-dataset"
"05038581095882","Yankee 6 Wax Melts Cosy Up","YANKEE CANDLE","","Home & Ents > Home Accessories > Candles","https://digitalcontent.api.tesco.com/v2/media/ghs/b16c45fc-da8a-465a-9702-52a178cc3221/e64fa637-e99d-4677-9823-2b7f9bcabe77_1834845549.jpeg","kaggle:crawlfeeds/tesco-uk-groceries-dataset"
"09335782000025","Biore Ultra Pore Strips X6ct","BIORE","","Health & Beauty > Face Skincare > Spot Treatment","https://digitalcontent.api.tesco.com/v2/media/ghs/6802cfdf-1cd1-4052-a184-8ffebabd06ff/39d41abb-8376-4ca3-992d-4416c5bb639c_94784001.jpeg","kaggle:crawlfeeds/tesco-uk-groceries-dataset"
"05011417549247","Veet In Shower Cream Sensitive 150Ml","VEET","150ML","Health & Beauty > Women's Toiletries > Hair Removal","https://digitalcontent.api.tesco.com/v2/media/ghs/231a9210-e508-455e-8eb8-3d5088ba2e36/fb6568da-5858-4383-ba38-435a975f2bce_156147734.jpeg","kaggle:crawlfeeds/tesco-uk-groceries-dataset"
"05010134909518","Kumala Reserve Chenin Blanc 75Cl","KUMALA","75CL","Drinks > Wine > White Wine","https://digitalcontent.api.tesco.com/v2/media/ghs/9cfed0a1-d346-4446-b4d3-18bbd118a5fb/90e01084-b2b7-4718-8045-aaccd8a3d46e_1049773011.jpeg","kaggle:crawlfeeds/tesco-uk-groceries-dataset"
"08001090910004","Fairy Fresh In-Wash Scent Booster 320G","FAIRY","320G","Household > Laundry > Scent Boosters","https://digitalcontent.api.tesco.com/v2/media/ghs/e1d9f528-454a-4646-b131-226802ead8c8/f1a40695-e7e0-45eb-b4bb-ff9bb2847fce_903222690.jpeg","kaggle:crawlfeeds/tesco-uk-groceries-dataset"
"05057967732586","Tesco 3.1A Dual Port Car Charger","TESCO HOME","","Home & Ents > Electrical > Mobile Phone Accessories","https://digitalcontent.api.tesco.com/v2/media/ghs/d35a6887-387b-4bb1-9874-b55eaf580321/95d09172-bfa1-4190-a860-ba2244b04d80_1817979915.jpeg","kaggle:crawlfeeds/tesco-uk-groceries-dataset"
"05055958705564","Graze Lively Lemon Flapjack 3X53g","GRAZE","159G","Food Cupboard > Biscuits & Cereal Bars > Cereal Bars & On the Go Snack Bars","https://digitalcontent.api.tesco.com/v2/media/ghs/7b4b8463-0619-458b-9483-9964324c0198/1064c9ce-555e-4e3b-9b1d-66bcacb1ae27_1883519731.jpeg","kaggle:crawlfeeds/tesco-uk-groceries-dataset"
"05052109903343","Tesco Battered Haddock Goujons 200G","TESCO","200G","Fresh Food > Chilled Fish & Seafood > Breaded and Prepared","https://digitalcontent.api.tesco.com/v2/media/ghs/eeeb3d85-ac28-4c63-be87-9c377c6a3968/514afede-acf8-44d9-bb3f-17720b49b552.jpeg","kaggle:crawlfeeds/tesco-uk-groceries-dataset"
"07794450000781","Alamos Malbec 75Cl","ALAMOS","75CL","Drinks > Wine > Red Wine","https://digitalcontent.api.tesco.com/v2/media/ghs/2291d8e0-6040-4cfe-9f25-cd4f7d2e260c/7b631beb-cc77-4bf2-bb15-fef011239b96_1004974635.jpeg","kaggle:crawlfeeds/tesco-uk-groceries-dataset"
"00071164333068","Hask Argan Oil Conditioner 50Ml","HASK","50ML","Health & Beauty > Conditioner > Natural Conditioner","https://digitalcontent.api.tesco.com/v2/media/ghs/abfcf277-ac48-42f6-9821-68c9121375dc/8bf0329a-ba36-4f1b-a805-2739ca8187de_146136485.jpeg","kaggle:crawlfeeds/tesco-uk-groceries-dataset"
"05059512727924","Tesco 2 Beef Medallion Steaks 340G","TESCO","340G","Fresh Food > Fresh Meat & Poultry > Fresh Beef","https://digitalcontent.api.tesco.com/v2/media/ghs/a7d684fe-ab26-41ab-87c2-8e8bd97d30b8/9e7efb1e-d9e4-438e-99d7-0ae01a4d82a1.jpeg","kaggle:crawlfeeds/tesco-uk-groceries-dataset"
"07804320746418","Isla Negra Cabernet Sauvignon 75Cl","ISLA NEGRA","75CL","Drinks > Wine > Red Wine","https://digitalcontent.api.tesco.com/v2/media/ghs/1c8f3524-5243-4d2c-aeff-b0f8b77dfa88/79d0f973-926d-4531-8370-8cda38686787_1681926476.jpeg","kaggle:crawlfeeds/tesco-uk-groceries-dataset"
"05022825001401","The Cake Crew Rainbow Cupcakes 4 Pack","THE CAKE CREW","","Bakery > Cakes, Cake Bars, Slices & Pies > Birthday & Celebration Cakes","https://digitalcontent.api.tesco.com/v2/media/ghs/e4effbb4-07d0-44a7-a5c9-702ed73ee9f1/f38f914d-abce-4e5b-bb8b-3c72a5623136_1647015107.jpeg","kaggle:crawlfeeds/tesco-uk-groceries-dataset"
"08001090222848","Herbal Essences Bio. Renew Argan Shampoo 400Ml","HERBAL ESSENCES","400ML","Health & Beauty > Shampoo > Natural Shampoo","https://digitalcontent.api.tesco.com/v2/media/ghs/ca2dd325-1d22-4027-a134-9f5f52b62e59/d93e82e9-2a22-4087-9f8d-d07a75e4f184_1240942931.jpeg","kaggle:crawlfeeds/tesco-uk-groceries-dataset"
"04009900532099","Wrigley's Extra Cool Breeze 6X10 Pieces 84G","WRIGLEYS","84G","Food Cupboard > Chocolate, Sweets, Mints & Chewing Gum > Chewing Gum","https://digitalcontent.api.tesco.com/v2/media/ghs/89eaa9cf-ebd2-474e-ae4d-aa0a3dc4cdae/e956f948-ee3c-4139-9ef5-eff3301fdd6c_908008885.jpeg","kaggle:crawlfeeds/tesco-uk-groceries-dataset"
"05030765037916","Jurassic World Dinosaur Celebration Cake","JURASSIC WORLD","","Bakery > Cakes, Cake Bars, Slices & Pies > Birthday & Celebration Cakes","https://digitalcontent.api.tesco.com/v2/media/ghs/0dc0e5a5-6c82-4120-bbf5-457ec40c736e/bca7915a-ccbc-4448-851a-94e610c4fd71.jpeg","kaggle:crawlfeeds/tesco-uk-groceries-dataset"
"05038635076102","Edingburgh Raspberry Gin Liqueur & Scented Candle Set","EDINBURGH GIN DISTILLERY","","Drinks > Alcohol Gift Sets > Spirits Gift Sets","https://digitalcontent.api.tesco.com/v2/media/ghs/2a809213-7fc9-49e4-88bc-cb58207c1e15/ab7a908f-aa4d-4a35-b405-901b482122f6_806965540.jpeg","kaggle:crawlfeeds/tesco-uk-groceries-dataset"
"05016157074646","Gressingham Duck Fillets 250G","GRESSINGHAM","250G","Fresh Food > Fresh Meat & Poultry > Duck, Venison & Game","https://digitalcontent.api.tesco.com/v2/media/ghs/ade5dfa7-cc9e-4bb2-9598-d0f08f64b045/79cd5e61-45a0-4be2-82e3-7e669ad3ebf3.jpeg","kaggle:crawlfeeds/tesco-uk-groceries-dataset"
"05016805010699","Veetee Plants & Rice Beetroot Risotto 280G","VEETEE","280G","Food Cupboard > Dried Pasta, Rice, Noodles & Cous Cous > Flavoured Microwave Rice","https://digitalcontent.api.tesco.com/v2/media/ghs/aed73e1c-5144-412b-80d8-93401bb1e800/fb39b2e1-c663-4da5-a169-aca0f16c3deb_113536758.jpeg","kaggle:crawlfeeds/tesco-uk-groceries-dataset"
"05055964766399","Playstation PS5 Mug & Socks Gift Set","PLAYSTATION","","Home & Ents > Christmas Gifts > Tech & Gadget Gifts","https://digitalcontent.api.tesco.com/v2/media/ghs/2dea046f-35cd-4c7c-9a01-d2296b860493/6da2e793-64fb-4e93-9fb5-74e69035d3c0_989560187.jpeg","kaggle:crawlfeeds/tesco-uk-groceries-dataset"
"05059697729812","Tesco Milk Chocolate Ices 6 X 70Ml","TESCO","420ML","Frozen Food > Ice Cream, Ice Lollies & Frozen Desserts > Ice Cream Sticks","https://digitalcontent.api.tesco.com/v2/media/ghs/37419950-0919-4450-b5a3-5ad47cb27fb4/1736fb7f-9f31-49c7-9fa7-34bc9cae4252.jpeg","kaggle:crawlfeeds/tesco-uk-groceries-dataset"
"05060253800326","Petface Laser Chaser Cat Toy","PETFACE","","Pets > Cat Food & Accessories > Cat Toys, Healthcare & Accessories","https://digitalcontent.api.tesco.com/v2/media/ghs/21c26e83-16ae-4c5e-851a-0778a83fc66f/cdc56cba-b407-49fb-9d9a-94322cd61a82_1272857620.jpeg","kaggle:crawlfeeds/tesco-uk-groceries-dataset"
"04005900690500","Nivea Men Sensitive Shower Gel 400Ml","NIVEA","400ML","Health & Beauty > Men's Toiletries > Shower","https://digitalcontent.api.tesco.com/v2/media/ghs/320fb72c-ea54-411d-be36-93500edb72ba/25350f92-bfa0-42ff-acf2-96cef5df4f38_564861408.jpeg","kaggle:crawlfeeds/tesco-uk-groceries-dataset"
"05013967018891","Tamnavulin Wine Cask Edition Single Malt Whisky 70Cl","TAMNAVULIN","700ML","Drinks > Spirits > Whisky","https://digitalcontent.api.tesco.com/v2/media/ghs/cab841d6-a521-4769-9ca5-6650a428ee1b/d8309d28-d8bf-4991-80ee-0f7449616f1b_475059384.jpeg","kaggle:crawlfeeds/tesco-uk-groceries-dataset"
"05059697275258","Tesco Reusable Mixed Cutlery 12 Pack","TESCO CELEBRATE","","Home & Ents > Party & Giftwrap > Party Tableware","https://digitalcontent.api.tesco.com/v2/media/ghs/2c358621-ffe2-49dd-a696-8bafa410be14/0bb869a7-a546-48c4-9ccd-585b7e044ced_1058608936.jpeg","kaggle:crawlfeeds/tesco-uk-groceries-dataset"
"05011348023519","Shipyard American Ipa 4 X 440Ml","SHIPYARD","1760ML","Drinks > Beer & Cider > Craft Beer","https://digitalcontent.api.tesco.com/v2/media/ghs/76c14213-50cd-4851-bad6-096a8572ae86/9eafbdf3-8c29-48f0-83dd-73bf85edac1d_63582722.jpeg","kaggle:crawlfeeds/tesco-uk-groceries-dataset"
"05054268677950","Tesco 12 Christmas Cupcake Platter","TESCO","","Bakery > Cakes, Cake Bars, Slices & Pies > Small Cakes, Bites & Slices","https://digitalcontent.api.tesco.com/v2/media/ghs/b66e4224-3337-4bd6-99d8-f25b25156934/20b416a7-dc95-494f-b093-b71c1a575c5d.jpeg","kaggle:crawlfeeds/tesco-uk-groceries-dataset"
"05060011816132","Fruit Bowl Raspberry Peelers 5X16g","FRUIT BOWL","80G","Food Cupboard > Dried Fruit, Nuts, Nutrient Powders & Seeds > Fruit Snacks","https://digitalcontent.api.tesco.com/v2/media/ghs/3061b554-f41a-4268-b3c1-cf48cd7ad6cb/ab1a4973-4f94-4328-8233-fa9d3d69728d_108148254.jpeg","kaggle:crawlfeeds/tesco-uk-groceries-dataset"
"05000354168567","Hartleys Best Strawberry Seedless Jam 340G","HARTLEYS","340G","Food Cupboard > Jams, Sweet & Savoury Spreads > Jams","https://digitalcontent.api.tesco.com/v2/media/ghs/156cd06c-88ad-4e29-ac3e-aab8426cb746/6d90e686-d8c9-4bb4-87f5-3039eed3a220_2108884604.jpeg","kaggle:crawlfeeds/tesco-uk-groceries-dataset"
"05059944603308","Tesco Blue Stripe Bath Towel","TESCO HOME","","Home & Ents > Bathroom Accessories & Towels > Towels","https://digitalcontent.api.tesco.com/v2/media/ghs/05d6c475-4351-4560-a1c6-2d89089ae316/b87510ec-f451-4a67-a965-b1b05cb788bc_1512760736.jpeg","kaggle:crawlfeeds/tesco-uk-groceries-dataset"
"05053526192204","Tesco Black Soft Touch Notebook 192 Pages","TESCO HOMEOFFICE","","Home & Ents > Stationery, Arts & Crafts > Notebooks & Diaries","https://digitalcontent.api.tesco.com/v2/media/ghs/be0131c4-2840-4f03-92a7-f1408aa218b4/d13bf51c-f719-4b75-a9c9-87d6c69e9010_661267272.jpeg","kaggle:crawlfeeds/tesco-uk-groceries-dataset"
"05053947250873","Tesco Easy Cook Brown Rice 2Kg","TESCO","2KG","Food Cupboard > Dried Pasta, Rice, Noodles & Cous Cous > Rice","https://digitalcontent.api.tesco.com/v2/media/ghs/394fedff-91a9-492e-bc4b-ad46a5187873/6b454c4d-6267-4a49-8316-273b487798b9_671792513.jpeg","kaggle:crawlfeeds/tesco-uk-groceries-dataset"
"05057753908188","Stockwell & Co Mayonnaise 450Ml","STOCKWELL CO","450ML","Food Cupboard > Table Sauces, Olives, Pickles & Chutney > Mayonnaise","https://digitalcontent.api.tesco.com/v2/media/ghs/b1c0348a-2b1e-4070-99ca-90cac4af8b7a/572fc3c1-ea7c-4cfa-aada-625f10591213_350348722.jpeg","kaggle:crawlfeeds/tesco-uk-groceries-dataset"
"04895217505907","Among Us Mystery Capsule","AMONG US","","Home & Ents > Toys & Games > Action Toys & Figures","https://digitalcontent.api.tesco.com/v2/media/ghs/b140a532-d05e-4a54-aa5a-d47befc70360/d7350d58-2764-4ccf-be13-bf094725b4af_776786252.jpeg","kaggle:crawlfeeds/tesco-uk-groceries-dataset"
"05057373619259","Tesco Baking Spread 500G","TESCO","500G","Fresh Food > Milk, Butter & Eggs > Butter, Spreads & Margarine","https://digitalcontent.api.tesco.com/v2/media/ghs/1df97ba7-a928-4f4b-8aea-f73b8caf9623/36c5701b-e88a-490e-8716-dfb89fa91a36_374258587.jpeg","kaggle:crawlfeeds/tesco-uk-groceries-dataset"
"05052909256892","Tesco Spanish Serrano Ham 80G","TESCO","80G","Fresh Food > Cooked Meats, Antipasti & Dips > Chorizo, Salami & Continental Meats","https://digitalcontent.api.tesco.com/v2/media/ghs/920371a0-bede-44b7-91f1-15c4a256ed4e/ef7bfb9c-9b1d-45a8-b58a-9473e10250ec.jpeg","kaggle:crawlfeeds/tesco-uk-groceries-dataset"
"05060426811333","Coconut Collaborative Dairy Free Salted Caramel 4X45g","COCONUT COLLABORATIVE","180G","Fresh Food > Dairy Free & Dairy Alternatives > Dairy Free Desserts","https://digitalcontent.api.tesco.com/v2/media/ghs/be9970e0-0f63-4a66-8a37-56dc3a783d6e/026be78f-77ce-4cc7-a0d3-3408d21c3557.jpeg","kaggle:crawlfeeds/tesco-uk-groceries-dataset"
"08001841283944","Old Spice Deep Sea Deodorant Stick 50Ml","OLD SPICE","50ML","Health & Beauty > Men's Toiletries > Deodorants","https://digitalcontent.api.tesco.com/v2/media/ghs/951f6595-3b7a-43ba-8545-dcf32d85d84b/d6824e66-c2b0-4585-99ad-6feb849fb4c7_1218815219.jpeg","kaggle:crawlfeeds/tesco-uk-groceries-dataset"
"05059697727511","Tesco Garlic Mayonnaise 235Ml","TESCO","235ML","Food Cupboard > Table Sauces, Olives, Pickles & Chutney > Mayonnaise","https://digitalcontent.api.tesco.com/v2/media/ghs/b7149993-c1f8-417b-b58e-f58c131c8ccc/eb1dd03a-84c1-456d-b11a-119cf3174a3b_1052833457.jpeg","kaggle:crawlfeeds/tesco-uk-groceries-dataset"
"05011898008011","Rubicon Passion Fruit Juice Drink 1Ltr","RUBICON","1L","Food Cupboard > World Foods > African & Caribbean","https://digitalcontent.api.tesco.com/v2/media/ghs/2fb8f383-0a24-4703-b9fc-8eb80c8c68bf/45c25e82-10b2-4aa1-b241-c1c33dd9e9ab_1138372108.jpeg","kaggle:crawlfeeds/tesco-uk-groceries-dataset"
"05025404006026","Cannaray Muscle Balm Cbd 250Mg Aloe Arnica 60Ml","CANNARAY BRANDS","60ML","Health & Beauty > Vitamins, Minerals & Supplements > Sleep Aid & Stress","https://digitalcontent.api.tesco.com/v2/media/ghs/6f046558-713f-4924-b90f-3b5757210554/e7839bec-70f7-41d2-bf4f-4cacf8967305_975711428.jpeg","kaggle:crawlfeeds/tesco-uk-groceries-dataset"
"07622201799458","Cadbury Dairy Milk Chunk Pouch 350G","CADBURY","350G","Food Cupboard > Christmas Treats > Chocolate Tubs & Tins","https://digitalcontent.api.tesco.com/v2/media/ghs/a6864960-5a41-48c1-8bc0-7c277f49c7a4/619ff361-db06-44e3-a3ea-e0fb067c066a_1043841400.jpeg","kaggle:crawlfeeds/tesco-uk-groceries-dataset"
"03608580968580","Bonne Maman Intense Strawberry Jam 335G","BONNE MAMAN","335G","Food Cupboard > Jams, Sweet & Savoury Spreads > Jams","https://digitalcontent.api.tesco.com/v2/media/ghs/7d7c6065-b324-4ae5-a7e9-d780295bfb8e/69d44737-855c-48a9-aed7-6e2e9265b294_1623731693.jpeg","kaggle:crawlfeeds/tesco-uk-groceries-dataset"
"05060674960449","Mighty Milk Shake Salted Caramel Dairy Free Drink 330Ml","MIGHTY","330ML","Fresh Food > Milk, Butter & Eggs > Dairy Free Drinks","https://digitalcontent.api.tesco.com/v2/media/ghs/abf0c4e4-2ab4-4e3a-9199-2b940d142a27/db77d5eb-a091-4b39-a0a1-4dc978ffb379_897671413.jpeg","kaggle:crawlfeeds/tesco-uk-groceries-dataset"
"03131910236238","Pilot Frixion Black Set In Case","PILOT","","Home & Ents > Stationery, Arts & Crafts > Pens & Pencils","https://digitalcontent.api.tesco.com/v2/media/ghs/30536359-376b-4ad7-850e-02807e03f34b/929e64d8-9f42-4702-bb36-cbba8d8051dd_911358539.jpeg","kaggle:crawlfeeds/tesco-uk-groceries-dataset"
"05060084348356","The Gym Kitchen Beef Lasagne 400G","THE GYM KITCHEN","400G","Frozen Food > Frozen Ready Meals > Frozen Italian & Mediterranean Ready Meals","https://digitalcontent.api.tesco.com/v2/media/ghs/9fb4d897-f221-4dfa-8794-48282ee65358/d4f0a8a3-5146-4f0c-8c3e-7c79b2ad084c.jpeg","kaggle:crawlfeeds/tesco-uk-groceries-dataset"
"05057753430108","Tesco Extracts Apple Shampoo 500Ml","TESCO EXTRACTS","500ML","Health & Beauty > Shampoo > Normal Hair - Everyday Shampoo","https://digitalcontent.api.tesco.com/v2/media/ghs/be6f491f-1c19-4dd7-902e-6fa970cbdcb7/2eddeb98-551a-44c7-8b27-27284c976f8d_263368033.jpeg","kaggle:crawlfeeds/tesco-uk-groceries-dataset"
"07613039535042","Smarties Pouch 105G","SMARTIES","105G","Food Cupboard > Chocolate, Sweets, Mints & Chewing Gum > Block Chocolate Bars","https://digitalcontent.api.tesco.com/v2/media/ghs/52bd05f2-9eff-4d88-9af5-049837634295/15dff055-8e4a-4bec-b23f-b40846fcbac2_869265442.jpeg","kaggle:crawlfeeds/tesco-uk-groceries-dataset"
"05054775750597","Woodside Farms Pork Belly Slices 500G","WOODSIDE FARMS","500G","Fresh Food > Fresh Meat & Poultry > Fresh Pork","https://digitalcontent.api.tesco.com/v2/media/ghs/737d7b9f-0098-4ac2-9910-7ae842bc1fd0/f800ba78-95f9-4ed8-8859-54c6e7cfd8ff.jpeg","kaggle:crawlfeeds/tesco-uk-groceries-dataset"
"00000050150397","Optrex Brightening Drops 10Ml","OPTREX","10ML","Health & Beauty > Lifestyle & Wellbeing > Eye Care & Glasses","https://digitalcontent.api.tesco.com/v2/media/ghs/9d37dbeb-225d-4d81-a5a5-061d824c5b20/a718870f-1032-4f8f-8b42-76bc0917c23d_1116633395.jpeg","kaggle:crawlfeeds/tesco-uk-groceries-dataset"
"05057753093280","Tesco Saucepan 18Cm","TESCO HOME","","Home & Ents > Cooking & Dining > Pots & Pans","https://digitalcontent.api.tesco.com/v2/media/ghs/4c35d9ad-0630-426e-a3dd-26515570e2a9/b06a758d-4001-47a3-8f15-bbd03d11d5c8_282260067.jpeg","kaggle:crawlfeeds/tesco-uk-groceries-dataset"
"03760033598826","Maison No.9 Rose Wine 75Cl","MAISON NO 9","750ML","Drinks > Wine > Rose Wine","https://digitalcontent.api.tesco.com/v2/media/ghs/14c23e51-b0c8-4b92-9e72-480d65297429/aee78d7f-eb46-4a6b-838e-e32a9a83f5d0_1119780035.jpeg","kaggle:crawlfeeds/tesco-uk-groceries-dataset"
"05711953145315","Starbucks Double Shot Expresso 200Ml","STARBUCKS","200ML","Drinks > Coffee > Iced Coffee","https://digitalcontent.api.tesco.com/v2/media/ghs/f5ee3cb5-04d1-42e9-ace3-4e773e03f1f4/1053e18b-9006-4838-aa6d-74828306df58_1835696201.jpeg","kaggle:crawlfeeds/tesco-uk-groceries-dataset"
"05059944603322","Tesco Diamond Geo Bath Towel","TESCO HOME","","Home & Ents > Bathroom Accessories & Towels > Towels","https://digitalcontent.api.tesco.com/v2/media/ghs/b61aadaa-c9df-4176-b483-38b1e26cb515/b091ba05-43c5-4d54-9322-78b3ac557215_460599897.jpeg","kaggle:crawlfeeds/tesco-uk-groceries-dataset"
"05010041000933","Tango Orange 6X330ml Pack","BRITVIC","1980ML","Drinks > Fizzy & Soft Drinks > Fizzy Drinks","https://digitalcontent.api.tesco.com/v2/media/ghs/6706bc0f-e600-47b6-a9ba-2b770e29d27d/cd016756-824d-4340-8217-25641417d17a_1393677476.jpeg","kaggle:crawlfeeds/tesco-uk-groceries-dataset"
"05000382104384","Rubicon Spring Water Black Cherry Raspberry 1.5L","AG BARR","1.5L","Drinks > Water > Flavoured Water - Still Water","https://digitalcontent.api.tesco.com/v2/media/ghs/f4b37071-a28e-423a-8071-b0b21f4e7713/f393b3f2-733a-4092-a734-4b55338c4694_689958331.jpeg","kaggle:crawlfeeds/tesco-uk-groceries-dataset"
"05059697704949","Wicked Kitchen Crushed Black Pepper Block 150G","WICKED KITCHEN","150G","Fresh Food > Dairy Free & Dairy Alternatives > Dairy Free Cheese Alternatives","https://digitalcontent.api.tesco.com/v2/media/ghs/06185d62-2028-45c3-99a0-0b443d507434/78c7d92c-9a5b-46c2-8770-c665661ed196_851993586.jpeg","kaggle:crawlfeeds/tesco-uk-groceries-dataset"
"05056273603078","Lily's Kitchen Cat Tasty Cuts Chicken In Gravy 85G","LILY'S KITCHEN","85G","Pets > Cat Food & Accessories > Luxury Cat Food","https://digitalcontent.api.tesco.com/v2/media/ghs/7e34747e-0ce6-4f01-a3df-534037f06f12/8d0c507b-86ca-42bf-9ed3-ac267672a6ed_1859610328.jpeg","kaggle:crawlfeeds/tesco-uk-groceries-dataset"
"05021320119567","Ibiza Club Vape & E-Liquids 6Mg Apple&Blck Menth","IBIZA CLUB","10ML","Home & Ents > Tobacco & Alternatives > Vape","https://digitalcontent.api.tesco.com/v2/media/ghs/d266662c-053c-4a7c-b2b3-00831128c83c/3f1ed4ee-0db8-4c7b-8fce-207fdbc0f6bb_1154955652.jpeg","kaggle:crawlfeeds/tesco-uk-groceries-dataset"
"05052675001351","The Spice Tailor Tikka Masala Paste 200G","THE SPICE TAILOR","200G","Food Cupboard > Cooking Ingredients > Seasoning, Herbs & Spices","https://digitalcontent.api.tesco.com/v2/media/ghs/0bbdbd3b-e1fb-43af-a354-948694b92f14/fedaf1c0-1623-4d63-a5c2-142e6d13b180_966985423.jpeg","kaggle:crawlfeeds/tesco-uk-groceries-dataset"
"08692195885016","Neo G Open Knee Support","Neo G","","Health & Beauty > Medicine > First Aid, Plasters & Antiseptic","https://digitalcontent.api.tesco.com/v2/media/ghs/6d6ced5e-1e0e-43e7-9123-65e7be27ec21/fa2f0e30-7e5f-4208-879b-08c7c0a84881_183837184.jpeg","kaggle:crawlfeeds/tesco-uk-groceries-dataset"
"07501064193040","Corona Extra 12X330ml","CORONA","3960ML","Drinks > Beer & Cider > Beer - Lager","https://digitalcontent.api.tesco.com/v2/media/ghs/312769b3-22ad-45cb-b9d2-12dea051a55d/1ea5bff7-1652-4701-97f5-f1db36df7a51.jpeg","kaggle:crawlfeeds/tesco-uk-groceries-dataset"
"05057753909710","Tesco Plant Chef Tomato And Basil Soup 400G","TESCO PLANT CHEF","400G","Food Cupboard > Tins, Cans & Packets > Tinned & Packet Soup","https://digitalcontent.api.tesco.com/v2/media/ghs/ffcc2cfb-f6de-4114-a802-9f18d9b45ace/d4254cf1-ecc2-40c7-9241-fe683de114ac_1683426347.jpeg","kaggle:crawlfeeds/tesco-uk-groceries-dataset"
"05000137488905","Ritz Cheese Crackers 200G","RITZ","200G","Food Cupboard > Crackers & Crispbreads > Cheese Crackers, Breadsticks & Dipping","https://digitalcontent.api.tesco.com/v2/media/ghs/7a96b807-601b-405e-9e9a-94d5ebca5d37/53693e57-a645-4fa6-bd95-90de26576dc6_308394947.jpeg","kaggle:crawlfeeds/tesco-uk-groceries-dataset"
"05000462837454","Tesco 6 Inch Cash Box","TESCO HOMEOFFICE","","Home & Ents > Stationery, Arts & Crafts > Home Office & Office Essentials","https://digitalcontent.api.tesco.com/v2/media/ghs/70c34fcc-7f28-4852-a995-727d93d92e30/ac6202ec-5e12-4ea1-9949-b40c2bc5eb85_2119604886.jpeg","kaggle:crawlfeeds/tesco-uk-groceries-dataset"
"05057967621620","Tesco Bamboo Chopping Board Small","TESCO HOME","","Home & Ents > Cooking & Dining > Food Preparation","https://digitalcontent.api.tesco.com/v2/media/ghs/6baff7ba-ce26-4ec8-98be-71439cbe30d6/72e4e837-a265-431b-9b99-2b4f2e311571_1003070771.jpeg","kaggle:crawlfeeds/tesco-uk-groceries-dataset"
"05054402818492","Tesco Free From Salad Cream 440G","FREE FROM","440G","Food Cupboard > Table Sauces, Olives, Pickles & Chutney > Salad Cream","https://digitalcontent.api.tesco.com/v2/media/ghs/c52e3050-5e2f-4836-956c-ad13324214d5/ba1304ea-ad2d-404b-becd-069dcc0e12e4_475511719.jpeg","kaggle:crawlfeeds/tesco-uk-groceries-dataset"
"05060195901334","Genius Gluten Free Soft White Farmhouse 535G","GENIUS","535G","Bakery > Free From Bakery > Breads","https://digitalcontent.api.tesco.com/v2/media/ghs/c0e7fa95-a866-4cdd-99e2-5f7a26606966/c1f9b650-4089-430b-9a9d-5b53b11e8d2e.jpeg","kaggle:crawlfeeds/tesco-uk-groceries-dataset"
"05050665003996","Mugshot Roast Chicken Pasta 55G","MUGSHOT","55G","Food Cupboard > Noodle Pots & Instant Snack Meals > Cup Meals & Snacks","https://digitalcontent.api.tesco.com/v2/media/ghs/d69a62d1-f1d3-43cc-b79d-2c481a0597d8/7ee04cc7-b0ce-4676-88f1-bbadec431d49_650593683.jpeg","kaggle:crawlfeeds/tesco-uk-groceries-dataset"
"05052109914936","Tesco Finest South African Shiraz 75Cl","TESCO FINEST","75CL","Drinks > Wine > Red Wine","https://digitalcontent.api.tesco.com/v2/media/ghs/6891ac06-124f-4132-88a8-23efb69f09e4/ba21243a-6f22-458b-b46e-734ee75b132b_647235251.jpeg","kaggle:crawlfeeds/tesco-uk-groceries-dataset"
"05014213001063","Meridian Smooth Peanut Butter 1Kg","MERIDIAN","1KG","Food Cupboard > Jams, Sweet & Savoury Spreads > Peanut & Nut Butter","https://digitalcontent.api.tesco.com/v2/media/ghs/27c6037b-94cc-4423-9243-569f79fdcbbb/2b9eecfd-7976-47b0-83d3-547f20f14224_830758128.jpeg","kaggle:crawlfeeds/tesco-uk-groceries-dataset"
"00876658004567","Moosehead Grubby Putty 100G","MOOSEHEAD","100G","Health & Beauty > Haircare & Styling > Hair Putty, Clay & Gum","https://digitalcontent.api.tesco.com/v2/media/ghs/f35934be-efb1-41b0-8819-a324fd44f22c/0780a414-b85f-4460-b635-985a667dbfc1_486864916.jpeg","kaggle:crawlfeeds/tesco-uk-groceries-dataset"
"05060084171206","Profoot 10Cm Toe Foam Set","PROFOOT","","Health & Beauty > Lifestyle & Wellbeing > Footcare","https://digitalcontent.api.tesco.com/v2/media/ghs/5f94dcf6-f716-4485-ad33-1ccce633d812/b30545a5-bda1-4667-af12-dafe6d880bb9_324151479.jpeg","kaggle:crawlfeeds/tesco-uk-groceries-dataset"
"04023103156487","Vileda Turbo Smart Spin Mop Refill","VILEDA","","Household > Brushes, Mops & Buckets > Brushes, Mops & Buckets","https://digitalcontent.api.tesco.com/v2/media/ghs/ab7a9c6b-0a40-4846-bd6c-f121f54e3f9a/aa998362-695b-4b80-ae33-5a7c6dfce9ab_2135614999.jpeg","kaggle:crawlfeeds/tesco-uk-groceries-dataset"
"05011403997670","Real Lancashire Eccles Cakes 4 Pack","REAL LANCS","","Bakery > Cakes, Cake Bars, Slices & Pies > Small Cakes, Bites & Slices","https://digitalcontent.api.tesco.com/v2/media/ghs/f553db9d-d84f-46fa-bd24-96fb28710d66/71afd1a9-07a4-46a4-bb45-615d5f442d4f_1450199015.jpeg","kaggle:crawlfeeds/tesco-uk-groceries-dataset"
"00000003011119","Tesco Ground Black Pepper 50G","TESCO","50G","Food Cupboard > Cooking Ingredients > Salt & Pepper","https://digitalcontent.api.tesco.com/v2/media/ghs/c3ef6936-50fc-492a-b63a-111ebedf462f/df28a6ca-5613-4374-a42e-bcb1bc9cc0bb_266698553.jpeg","kaggle:crawlfeeds/tesco-uk-groceries-dataset"
"08712566479528","Knorr Rich Beef Stock Pot 4 X 28G","KNORR","112G","Food Cupboard > Cooking Ingredients > Stock Cubes & Pots","https://digitalcontent.api.tesco.com/v2/media/ghs/eb689565-7b3d-47f6-9487-7071153e4cff/931dfc9b-e1c5-4168-b0fd-61ff5e510968_2031223909.jpeg","kaggle:crawlfeeds/tesco-uk-groceries-dataset"
"09556001289353","Milo Activ-Go Cocoa Malt Beverage 240Ml","MILO","240ML","Food Cupboard > World Foods > African & Caribbean","https://digitalcontent.api.tesco.com/v2/media/ghs/90020dc3-7d48-4f64-9816-bd948e9edcc4/62d16edb-bff4-4a57-8928-9c60fa9fc6f4_1835516048.jpeg","kaggle:crawlfeeds/tesco-uk-groceries-dataset"
"05013683305589","Cauldron Falafel 200G","CAULDRON","200G","Fresh Food > Cooked Meats, Antipasti & Dips > Olives, Antipasti & Tapas","https://digitalcontent.api.tesco.com/v2/media/ghs/769ece51-4ffd-4394-9dab-0394e9c5feee/c764f8e6-f31f-4e81-b027-09534eff9efe.jpeg","kaggle:crawlfeeds/tesco-uk-groceries-dataset"
"05021320073173","Leo Bancroft Medium Claw Black","LEO BANCROFT","","Health & Beauty > Haircare & Styling > Hair Accessories","https://digitalcontent.api.tesco.com/v2/media/ghs/259dab68-042f-40e3-b5b3-38d7d5e0f7c6/3d93bd2d-26b9-49d2-9cad-229cd0c9976e_694831632.jpeg","kaggle:crawlfeeds/tesco-uk-groceries-dataset"
"03417761830031","Vtech Switch And Go Dino Assorted","VTECH","","Home & Ents > Toys & Games > Baby & Toddler Toys","https://digitalcontent.api.tesco.com/v2/media/ghs/9e1cf0bf-0134-4ba5-841c-05b5031dbd90/b4b38128-9cba-48ac-9328-1f321f320b7e_508685122.jpeg","kaggle:crawlfeeds/tesco-uk-groceries-dataset"
"05702016913514","Lego Jurassic World Embargo 76945","LEGO","","Home & Ents > Toys & Games > LEGO","https://digitalcontent.api.tesco.com/v2/media/ghs/89eb7b94-9f78-40d5-9f23-6d491e3d0632/57d2928d-449d-43b6-a26f-66ffdebbcba3_1252020561.jpeg","kaggle:crawlfeeds/tesco-uk-groceries-dataset"
"05010415227386","Tommee Tippee Carton Newborn Starter Set 0+ Months","TOMMEE TIPPEE","","Baby > Baby Bottles & Accessories > Baby Bottles & Teats","https://digitalcontent.api.tesco.com/v2/media/ghs/57a79ae3-fb5f-4b51-afd8-9e8157c28693/5570d0c5-b4c4-4b06-836a-37349c681dc5_117914238.jpeg","kaggle:crawlfeeds/tesco-uk-groceries-dataset"
"00022796170224","Maui Moisture Smooth & Revive Vanilla Bean Conditioner 385Ml","MAUI MOISTURE","385ML","Health & Beauty > Conditioner > Afro, Curly & Textured Hair Conditioner","https://digitalcontent.api.tesco.com/v2/media/ghs/189c3d8c-3ef2-4a9d-994d-e817be425ebb/9aed2dcd-cccd-4e51-be89-d4e33d7e2db3_707178360.jpeg","kaggle:crawlfeeds/tesco-uk-groceries-dataset"
"05057753125684","Tesco Finest Hot Smoked Mackerel Fillets 110G","TESCO FINEST","70G","Food Cupboard > Tins, Cans & Packets > Tinned Fish & Seafood","https://digitalcontent.api.tesco.com/v2/media/ghs/de0c9213-477c-4019-91b8-9f5fe44cce6e/37114fdf-8cc9-4040-a06e-dd1526b65229_2146938736.jpeg","kaggle:crawlfeeds/tesco-uk-groceries-dataset"
"00849803057398","Funko 6Inch Pop Assortment","POP","","Home & Ents > Toys & Games > Action Toys & Figures","https://digitalcontent.api.tesco.com/v2/media/ghs/03f11e99-b15f-48d2-bdd9-a0ff54eba4fd/237f97ad-3407-4397-8558-b609cc4e238b_2033878844.jpeg","kaggle:crawlfeeds/tesco-uk-groceries-dataset"
"08006540017371","Aussie Sos Super Charged Repair Hair Mask 450Ml","AUSSIE","450ML","Health & Beauty > Haircare & Styling > Hair Masks & Oil","https://digitalcontent.api.tesco.com/v2/media/ghs/b3933d0a-a1c6-43d9-ad6d-24236b0c2084/3f008dea-3388-420d-8ec3-99185d7acda8_1232034675.jpeg","kaggle:crawlfeeds/tesco-uk-groceries-dataset"
"05057753564445","The Fair Mile Shiraz Malbec 75Cl","THE FAIR MILE","75CL","Drinks > Wine > Red Wine","https://digitalcontent.api.tesco.com/v2/media/ghs/d1cb4a36-34a1-4b04-9e39-7bfee8db7127/aa543dd1-7cfe-4bae-9987-9684e86983cb_1112606780.jpeg","kaggle:crawlfeeds/tesco-uk-groceries-dataset"
"03574660649895","Listerine Coolmint Milder 500Ml","LISTERINE","500ML","Health & Beauty > Toothpaste, Mouthwash & Toothbrush > Mouthwash","https://digitalcontent.api.tesco.com/v2/media/ghs/c3b0fc1b-2d9c-43a4-a4ee-c242d61eacde/f34447ea-a669-423c-9b38-573eea4b5430_671810930.jpeg","kaggle:crawlfeeds/tesco-uk-groceries-dataset"
"05057373932846","Tesco Coconut Oil 4 Roll","TESCO","640SHT","Household > Toilet Roll > Lotioned Toilet Roll","https://digitalcontent.api.tesco.com/v2/media/ghs/fe110b19-528a-419d-b3d8-9f5f5e65af5b/bd353466-9f1f-4ec3-8647-d8f25f257e48.jpeg","kaggle:crawlfeeds/tesco-uk-groceries-dataset"
"05027748000869","Fling Thai Inspired Salad Kit 280G","FLING","280G","Fresh Food > Fresh Salad, Coleslaw & Sandwich Fillers > Lettuce & Salad bags","https://digitalcontent.api.tesco.com/v2/media/ghs/fd1d67e3-9d72-4a97-8827-28c3c2dec7c5/5d42e13c-7be2-473d-9a4a-a67df29a6dfd.jpeg","kaggle:crawlfeeds/tesco-uk-groceries-dataset"
"05024448562291","Tiger Tiger Udon Japanese Style Noodles 400G","TIGER TIGER","400G","Food Cupboard > Cooking Sauces, Meal Kits & Sides > Thai","https://digitalcontent.api.tesco.com/v2/media/ghs/fea42eed-78c1-48cf-9551-6dbf68498f39/2e225488-5bd9-45a9-859c-8a28a626d1ff_659478434.jpeg","kaggle:crawlfeeds/tesco-uk-groceries-dataset"
"05000225005977","Schwtz Authentic Mix Somerset Pork 36G","SCHWARTZ","36G","Food Cupboard > Cooking Ingredients > Packet Sauces, Mixes & Cook in a Bag","https://digitalcontent.api.tesco.com/v2/media/ghs/21819f46-a45b-4ffa-adc5-7f16a0ed4260/1246e9c1-40c5-428a-ac96-308050a4002a_1304222161.jpeg","kaggle:crawlfeeds/tesco-uk-groceries-dataset"
"05031396072789","Dubble Bubble Mini Gumball Machine 40G","DUBBLE BUBBLE","40G","Food Cupboard > Chocolate, Sweets, Mints & Chewing Gum > Kids Sweets","https://digitalcontent.api.tesco.com/v2/media/ghs/994ac5bd-de06-42ee-9ea2-2573fd3842e8/822f0041-2fef-495f-ace1-d15ea096b5cf_564718883.jpeg","kaggle:crawlfeeds/tesco-uk-groceries-dataset"
"05057753892807","Tesco Kitchen Towel 1 Roll 100 Sheets","TESCO","100SHT","Household > Kitchen Roll > Small Packs (Single Roll)","https://digitalcontent.api.tesco.com/v2/media/ghs/bfc983a9-dd9d-4667-bf0b-ebf5c7ca7fa7/e20f3dab-742d-4ddf-b24f-550a54575ec7_1791068498.jpeg","kaggle:crawlfeeds/tesco-uk-groceries-dataset"
"05010415332387","Tommee Tippee Decorative Soothers 6-18 Months X2","TOMMEE TIPPEE","","Baby > Dummies & Teething > Dummies","https://digitalcontent.api.tesco.com/v2/media/ghs/8b0ad0a5-0a60-4a29-b47d-e5deff346c06/b9f8b57a-c937-4b54-9116-500e2b6d3318_2096037788.jpeg","kaggle:crawlfeeds/tesco-uk-groceries-dataset"
"00071662470074","Colour Wonder Paw Patrol","CRAYOLA","","Home & Ents > Stationery, Arts & Crafts > Gifting, Novelty & Stationery Collections","https://digitalcontent.api.tesco.com/v2/media/ghs/c06fd1a3-f368-46bf-b1a5-ae4bc5ced7ff/cc903b9a-7826-445f-a184-1edd6c232021_760066541.jpeg","kaggle:crawlfeeds/tesco-uk-groceries-dataset"
"07622210287021","Cadbury Bitsa Wispa Bag 110G","CADBURY","110G","Food Cupboard > Chocolate, Sweets, Mints & Chewing Gum > Chocolate Pouches & Bags","https://digitalcontent.api.tesco.com/v2/media/ghs/3ee43195-1f56-4458-ad4a-8a9537155a28/17dade0c-d9ce-435a-a321-cc722b40fda7_695296479.jpeg","kaggle:crawlfeeds/tesco-uk-groceries-dataset"
"05059944499185","Tesco Rainbow Hearts Bottle 550Ml","TESCO HOME","","Home & Ents > Cooking & Dining > Food Storage & Water Bottles","https://digitalcontent.api.tesco.com/v2/media/ghs/3d448800-7a2b-4649-a7a0-9cf2969b2bba/2e95ff97-1cee-4f45-a855-b40bf98b58ce_1827960156.jpeg","kaggle:crawlfeeds/tesco-uk-groceries-dataset"
"05060088709641","Nakd Peanut Delight Fruit & Peanut Bars 4X35g","NAKD","140G","Food Cupboard > Free From > Snack, Nuts & Fruit Bars","https://digitalcontent.api.tesco.com/v2/media/ghs/e16133ef-6c96-4f36-a04a-c0a9efecc6dd/8a850641-3b4a-48ce-9f38-f660aca72037_1035459842.jpeg","kaggle:crawlfeeds/tesco-uk-groceries-dataset"
"05030343834067","Belazu Vegan Harissa Pesto 165G","BELAZU","165G","Food Cupboard > Cooking Sauces, Meal Kits & Sides > Vegan","https://digitalcontent.api.tesco.com/v2/media/ghs/a24ccda3-c993-4a3e-8680-e281d09d402b/df936a44-14b3-4bd3-b550-f28196db29fb_1730541586.jpeg","kaggle:crawlfeeds/tesco-uk-groceries-dataset"
"05052197045215","Durex Condoms Extra Safe 12'S","DUREX","","Health & Beauty > Lifestyle & Wellbeing > Condoms, Lubricants & Adult Devices","https://digitalcontent.api.tesco.com/v2/media/ghs/2b6204bc-d996-4c19-ba27-3faaaea3b3f7/2511f764-cb2e-44f7-8620-f8878da51fed_2135818122.jpeg","kaggle:crawlfeeds/tesco-uk-groceries-dataset"
"05000239056002","Good Boy Chewy Chicken Dumbbells 90G","GOOD BOY","90G","Pets > Dog Food & Accessories > Dog Treats, Dental Chews & Biscuits","https://digitalcontent.api.tesco.com/v2/media/ghs/c13acb5f-6a76-4bea-9bff-7e989033f569/112c62a8-ff8d-4734-b53f-d1ff06690808_321556357.jpeg","kaggle:crawlfeeds/tesco-uk-groceries-dataset"
"05010934001795","Just For Men Hair Colourant Natural Light Brown","JUST FOR MEN","","Health & Beauty > Hair Colourants & Dyes > Men's Hair Dye","https://digitalcontent.api.tesco.com/v2/media/ghs/89a1937c-ae17-43a9-9395-2f82a1287a89/1d7a3feb-9764-462e-a24c-9217acc27da4_339622224.jpeg","kaggle:crawlfeeds/tesco-uk-groceries-dataset"
"05060087943961","Good4u Protein Salad Topper Garlic & Herb 125G","GOOD4U","150G","Food Cupboard > Table Sauces, Olives, Pickles & Chutney > Salad Dressings, Toppers & Croutons","https://digitalcontent.api.tesco.com/v2/media/ghs/bd1ccc7e-3d76-40d2-8b7f-329ec457971a/5674de16-00b1-41ac-ae3b-26a3c8c23257_1471667714.jpeg","kaggle:crawlfeeds/tesco-uk-groceries-dataset"
"08719514372269","Philips Smart Led Amber Glass 50W E27 Bulb","PHILIPS","","Home & Ents > Electrical > Lightbulbs","https://digitalcontent.api.tesco.com/v2/media/ghs/9f78a8a6-d76a-4630-a923-92404f27259c/7d18b058-9d4b-4a10-8789-dec561e66509_1481665287.jpeg","kaggle:crawlfeeds/tesco-uk-groceries-dataset"
"00000003415467","Tesco Kiwi Strawberry & Melon 125G","TESCO","125G","Fresh Food > Fresh Fruit > Fruit Pots, Platters & Packs","https://digitalcontent.api.tesco.com/v2/media/ghs/263043ba-71b8-4b3e-b943-7c908f3a7533/106e866a-eacd-4b9f-9a09-ef21478a6f2a.jpeg","kaggle:crawlfeeds/tesco-uk-groceries-dataset"
"05057753418373","Fred & Flo Weaning Bowl And Spoon Set","FRED & FLO","","Baby > Baby Weaning & Accessories > Baby Spoons, Bowls, Plates & Cutlery","https://digitalcontent.api.tesco.com/v2/media/ghs/1cde2df8-a46c-41b7-9375-c811d0a9d79c/14f241e8-2b06-4324-a988-00ff934b4c9d_84409803.jpeg","kaggle:crawlfeeds/tesco-uk-groceries-dataset"
"00191726398509","Spidey Little Vehicles","SPIDEY","","Home & Ents > Toys & Games > Baby & Toddler Toys","https://digitalcontent.api.tesco.com/v2/media/ghs/3c003733-61f2-4dc7-8665-a5c563d5c6ff/668caff2-b4a9-4193-9c3b-571b7e361207_467108682.jpeg","kaggle:crawlfeeds/tesco-uk-groceries-dataset"
"01230000022705","Halo Top Gooey Brownie Ice Cream 473Ml","HALO TOP","473ML","Frozen Food > Ice Cream, Ice Lollies & Frozen Desserts > Ice Cream Tubs","https://digitalcontent.api.tesco.com/v2/media/ghs/25e4c144-bf5f-4bda-9bc0-28051ab615e2/d31cd680-3866-4384-906f-cbc1dc39b066.jpeg","kaggle:crawlfeeds/tesco-uk-groceries-dataset"
"05054563023803","Sensodyne Rapid Relief 75Ml","SENSODYNE","75ML","Health & Beauty > Toothpaste, Mouthwash & Toothbrush > Sensitive","https://digitalcontent.api.tesco.com/v2/media/ghs/62072a2b-d05f-433d-9668-4e3ab7e7fd69/41c9f68e-c13c-4c6c-833a-748235abd38f_493919637.jpeg","kaggle:crawlfeeds/tesco-uk-groceries-dataset"
"05016860014021","Top Life Formula Puppy Milk 200Ml","TOP LIFE","200ML","Pets > Dog Food & Accessories > Puppy Food (0-12 Months)","https://digitalcontent.api.tesco.com/v2/media/ghs/68997e6c-0c52-456d-a8fb-f2bd8e8e818a/bcd8118b-96cd-4f89-b653-9d6b38a24c31_443026237.jpeg","kaggle:crawlfeeds/tesco-uk-groceries-dataset"
"05997523314880","Nissin Cup Noodles Katsu Curry 73G","NISSIN","73G","Food Cupboard > Noodle Pots & Instant Snack Meals > Authentic & Asian Inspired","https://digitalcontent.api.tesco.com/v2/media/ghs/9323de9b-2d30-4991-bedd-c2ab2d99f0d1/69c666eb-5063-4076-a104-6d1841c4ba8a_2117725203.jpeg","kaggle:crawlfeeds/tesco-uk-groceries-dataset"
"05059697388989","Tesco 12 Filled Mini Churros 210G","TESCO","210G","Frozen Food > Frozen Party Food & Sausage Rolls > Frozen Party Food & Sausage Rolls","https://digitalcontent.api.tesco.com/v2/media/ghs/0625eb19-8250-42c5-abb7-69ef496c76a2/34cb6f6c-93a4-4d9d-9343-2ea115e4154f.jpeg","kaggle:crawlfeeds/tesco-uk-groceries-dataset"
"07393714899095","Kopparberg Mixed Fruit Tropical Premium Cider 4 X 330Ml","KOPPARBERG","1320ML","Drinks > Beer & Cider > Cider","https://digitalcontent.api.tesco.com/v2/media/ghs/df014345-8072-46c8-b294-069b26351e6d/b75e5a7d-e5d4-4fed-8331-623c62ac6dca_858662275.jpeg","kaggle:crawlfeeds/tesco-uk-groceries-dataset"
"09414202416858","Sistema Bento Cube","SIS","","Home & Ents > Cooking & Dining > Food Storage & Water Bottles","https://digitalcontent.api.tesco.com/v2/media/ghs/cc2865c4-217b-4dd2-855d-64d333eb7eac/0c3f8340-0477-45be-880b-a4b1f387bb29_2012401208.jpeg","kaggle:crawlfeeds/tesco-uk-groceries-dataset"
"08006540158920","Seven Seas Omega 3 Extra Strength With Vitamin D 30 Capsules","SEVEN SEAS","","Health & Beauty > Vitamins, Minerals & Supplements > Cod Liver Oil & Omega 3","https://digitalcontent.api.tesco.com/v2/media/ghs/f6da80f3-4abf-49c6-b45c-beb8fc5da1b2/0247455a-1858-4c6c-a7b4-4b7ecdabc35e_243526318.jpeg","kaggle:crawlfeeds/tesco-uk-groceries-dataset"
"09002490210991","Red Bull Energy Drink 473Ml","RED BULL","473ML","Drinks > On The Go Drinks > Sports, Energy & Wellness Drinks","https://digitalcontent.api.tesco.com/v2/media/ghs/6c77c582-1ea6-4010-96ce-bd960769f6d7/77d7fe56-bbd8-4f37-a5a7-5f0ae41436e2_1886086727.jpeg","kaggle:crawlfeeds/tesco-uk-groceries-dataset"
"07622210838209","Cadbury Festive Friends Chocolate Biscuits 150G","CADBURY","150G","Food Cupboard > Biscuits & Cereal Bars > Biscuit Assortments","https://digitalcontent.api.tesco.com/v2/media/ghs/95925250-49cd-412f-a08f-18d2a6ee0833/7ffe8c0a-1372-44c8-b797-1f9ceaff0eae_842168074.jpeg","kaggle:crawlfeeds/tesco-uk-groceries-dataset"
"05030343837570","Belazu Apricot Harissa 130G","BELAZU","130G","Food Cupboard > Cooking Ingredients > Seasoning, Herbs & Spices","https://digitalcontent.api.tesco.com/v2/media/ghs/14992e8a-fb51-4a0f-bb53-a49e84de30d6/69e1148c-d32f-48ac-9f57-38ea93925aec_178994153.jpeg","kaggle:crawlfeeds/tesco-uk-groceries-dataset"
"05051898684556","Tesco Southern Fried Breaded Chicken Mini Fillets 305G","TESCO","305G","Fresh Food > Fresh Meat & Poultry > Breaded Chicken","https://digitalcontent.api.tesco.com/v2/media/ghs/6d80c09a-69df-43d4-896f-73a89e971bb5/afff431b-fc6a-4548-bde6-dbbe53ddff0c.jpeg","kaggle:crawlfeeds/tesco-uk-groceries-dataset"
"05057753904753","Tesco Egg Mayonaise 250G","TESCO","250G","Fresh Food > Fresh Salad, Coleslaw & Sandwich Fillers > Sandwich Fillers","https://digitalcontent.api.tesco.com/v2/media/ghs/55351922-a933-4894-9a68-3e6c3108cbcd/d779f080-754a-4e92-ab72-53c089ceb0a6.jpeg","kaggle:crawlfeeds/tesco-uk-groceries-dataset"
"05052909992493","Tesco A4 Document Box","TESCO HOMEOFFICE","","Home & Ents > Stationery, Arts & Crafts > Filing & Storage","https://digitalcontent.api.tesco.com/v2/media/ghs/91984c61-2566-4493-b7ab-9aedee94689a/71b927fa-c3cd-43cc-a504-aa39cb3ff5c3_718499514.jpeg","kaggle:crawlfeeds/tesco-uk-groceries-dataset"
"05391516882606","Ashfield British Lager 4 X 440Ml","MAGNERS","1760ML","Drinks > Beer & Cider > Beer - Lager","https://digitalcontent.api.tesco.com/v2/media/ghs/39c2a02e-b538-42da-aeed-3a0f23c8948c/f424b956-4869-4b5d-aa89-1fcc1d5ada40_30866002.jpeg","kaggle:crawlfeeds/tesco-uk-groceries-dataset"
"05051008187373","Tesco Salt & Vinegar Sticks 150G","TESCO","150G","Food Cupboard > Crisps, Snacks, Nuts & Popcorn > Sharing Crisps & Snacks","https://digitalcontent.api.tesco.com/v2/media/ghs/439e17d0-48bc-4e7b-a84f-0968b814c1a5/b8b1fe1c-0c59-4823-8db6-8e5864eeba36_1138200255.jpeg","kaggle:crawlfeeds/tesco-uk-groceries-dataset"
"04210201187424","Oral-B Pro 1 3D White Pink Electric Toothbrush & Case","ORAL-B","","Health & Beauty > Toothpaste, Mouthwash & Toothbrush > Toothbrush","https://digitalcontent.api.tesco.com/v2/media/ghs/62f19a9b-3be8-423a-a436-ae7a517c3d7b/2efa77f2-1196-4e94-a10c-28638adb9baf_1909232907.jpeg","kaggle:crawlfeeds/tesco-uk-groceries-dataset"
"08001090098023","Head & Shoulders Anti-Dandruff Classic Clean Shampoo 90Ml","HEAD & SHOULDERS","90ML","Health & Beauty > Suncare & Travel > Travel Toiletries","https://digitalcontent.api.tesco.com/v2/media/ghs/d7ebe454-2761-4952-b139-4c553d4645ec/d7067be1-e0d5-473a-8db8-cd581942f40c_1823141598.jpeg","kaggle:crawlfeeds/tesco-uk-groceries-dataset"
"05059697393501","Tesco Cinnamon Dusting 80G","TESCO","80G","Drinks > Hot Chocolate & Malted Drinks > Hot Chocolate Additions","https://digitalcontent.api.tesco.com/v2/media/ghs/3197f447-6995-41b8-b8b5-fddee8267369/73cd8f9f-a3d7-42d6-b68e-5ac0a3df83ee_1150599816.jpeg","kaggle:crawlfeeds/tesco-uk-groceries-dataset"
"08713439218695","Trust Mydo Silent Click Black","TRUST","","Home & Ents > Electrical > Computer Accessories","https://digitalcontent.api.tesco.com/v2/media/ghs/24580390-337e-4c8d-ab16-296c8d47c942/af1d9608-b5c0-4f70-86dd-fd1e0adbd257_960774539.jpeg","kaggle:crawlfeeds/tesco-uk-groceries-dataset"
"08720400433193","Signature Blue Cigars 10 Pack","CAFE CREME","","Home & Ents > Tobacco & Alternatives > Cigars, Cigarillos & Pipe","https://digitalcontent.api.tesco.com/v2/media/ghs/03287d87-eb88-44ef-abb1-70b908d5e4a8/73171e41-a8db-4aa8-bb1e-e8f636e362fc_1006626097.jpeg","kaggle:crawlfeeds/tesco-uk-groceries-dataset"
"05060204341854","Sipsmith Gin And Tonic 250Ml","SIPSMITH","250ML","Drinks > Ready To Drink Wine & Spirits > Ready to Drink Premixed Spirits & Cocktails","https://digitalcontent.api.tesco.com/v2/media/ghs/f7f3887e-639c-4ca8-807a-07721f3c3d31/64e8d047-9b50-4099-af3c-24c517c68428_119162211.jpeg","kaggle:crawlfeeds/tesco-uk-groceries-dataset"
"05010724527481","Batiste Dry Shampoo Original 200Ml","BATISTE","200ML","Health & Beauty > Haircare & Styling > Dry Shampoo","https://digitalcontent.api.tesco.com/v2/media/ghs/52b66618-3115-4c51-9fa7-521bb9208f0e/3bde0ba9-1352-47d6-b54b-bd1269bd49df_183127495.jpeg","kaggle:crawlfeeds/tesco-uk-groceries-dataset"
"05000306004301","Clarence Court Brown Medium Free Range Eggs 6 Pack","CLARENCE COURT","","Fresh Food > Milk, Butter & Eggs > Eggs","https://digitalcontent.api.tesco.com/v2/media/ghs/8aac4365-08a6-4eea-a46d-f8c825a0f5ab/3f95e553-56d4-4138-86e0-ad4244533d86.jpeg","kaggle:crawlfeeds/tesco-uk-groceries-dataset"
"05057008208728","Tesco H7 477 Bulb Twin Pack","TESCO AUTO","","Home & Ents > DIY & Car Care > DIY","https://digitalcontent.api.tesco.com/v2/media/ghs/260d517b-a85c-405d-9678-616a51244726/8264c0b4-8eeb-4567-b179-dadebc0d0a7b_1572042001.jpeg","kaggle:crawlfeeds/tesco-uk-groceries-dataset"
"05053947494673","Tesco Pink & White Marshmallows 100G","TESCO","100G","Drinks > Hot Chocolate & Malted Drinks > Hot Chocolate Additions","https://digitalcontent.api.tesco.com/v2/media/ghs/ec9be336-ad49-4a27-8d4e-83109b4678bb/c6187b9c-781d-47b9-811c-a624c9e3446e_1685372954.jpeg","kaggle:crawlfeeds/tesco-uk-groceries-dataset"
"00048526990085","Nuby Super Slurp Pop Up Beaker","NUBY UK LLP","","Baby > Baby Weaning & Accessories > Baby Cups & Beakers","https://digitalcontent.api.tesco.com/v2/media/ghs/5861784a-a282-4f92-b1b8-0fcbf200375f/909f6864-2a3a-4d27-86d2-12023b017630_67188947.jpeg","kaggle:crawlfeeds/tesco-uk-groceries-dataset"
"05054775750399","Woodside Farms Pork Loin Steaks 720G","WOODSIDE FARMS","720G","Fresh Food > Fresh Meat & Poultry > Fresh Pork","https://digitalcontent.api.tesco.com/v2/media/ghs/c5a5ad83-7c57-412b-a436-1940c83093ac/8f1c79a0-fa78-40a2-92c7-e9ea769a786e.jpeg","kaggle:crawlfeeds/tesco-uk-groceries-dataset"
"05065000523145","Pukka Organic 3 Ginger 20 Tea Bags 36G","Pukka","36G","Drinks > Tea > Fruit & Herbal Tea Bags","https://digitalcontent.api.tesco.com/v2/media/ghs/f5a16333-8401-4974-bc4b-aecb1d8d5dcf/603dc9a0-fde4-4054-8ffc-ab6e5fcc1c43_29588684.jpeg","kaggle:crawlfeeds/tesco-uk-groceries-dataset"
"05053526856748","Tesco 1m Micro USB Cable Black","TESCO HOME","","Home & Ents > Electrical > Mobile Phone Accessories","https://digitalcontent.api.tesco.com/v2/media/ghs/27d4515a-b42e-4a69-9f98-0d6237018025/7003419a-6187-4002-8497-a00c53e0d970_2086986227.jpeg","kaggle:crawlfeeds/tesco-uk-groceries-dataset"
"05000295145054","Cathedral City Mature Cheddar 550G","CATHEDRAL CITY","550G","Fresh Food > Cheese > Cheddar Cheese","https://digitalcontent.api.tesco.com/v2/media/ghs/b86941c3-0031-4332-bdad-5d407fa5e815/5c3cdc42-2c37-4bd2-aa43-605d36aaab6c.jpeg","kaggle:crawlfeeds/tesco-uk-groceries-dataset"
"07702018605347","Gillette Labs Razor Stand Travel Case 4 Blades Pack","GILLETTE","","Health & Beauty > Men's Toiletries > Shaving","https://digitalcontent.api.tesco.com/v2/media/ghs/53398a73-b115-4ebf-81bb-774f9a1a581a/ea625f0a-45c1-4aec-b945-8688179e57a2_524505599.jpeg","kaggle:crawlfeeds/tesco-uk-groceries-dataset"
"05031153333474","Counter Smoked Processed Cheese 200G","Unbranded","200G","Fresh Food > Counters > Counter - Cheese","https://digitalcontent.api.tesco.com/v2/media/ghs/10838514-e643-41c7-9433-1d24af5367b9/9f8eb49f-4718-4048-90d2-0bd1ea6cf261_342471135.jpeg","kaggle:crawlfeeds/tesco-uk-groceries-dataset"
"00000003262795","Tesco Herbs Great For Roasting 30G","TESCO","30G","Fresh Food > Fresh Vegetables > Fresh Chillies, Herbs, Garlic & Ginger","https://digitalcontent.api.tesco.com/v2/media/ghs/7f4a7ed3-2f6c-4b91-ab32-82c2a4f1e9e4/1530f48b-774b-49ae-99d0-13d01f7958f1_1700566850.jpeg","kaggle:crawlfeeds/tesco-uk-groceries-dataset"
"05022822221291","Status Solar Floodlight","STATUS","","Home & Ents > Electrical > Smart Technology","https://digitalcontent.api.tesco.com/v2/media/ghs/c8e270af-286f-433b-8b5c-67b72f49006b/1f4fa5c7-2f17-467d-9a7d-890a296db840_1268230599.jpeg","kaggle:crawlfeeds/tesco-uk-groceries-dataset"
"05057753913700","Tesco Plant Chef Breaded Meat Free Goujons 190G","TESCO PLANT CHEF","190G","Fresh Food > Chilled Vegetarian & Vegan > Escalopes & Nuggets","https://digitalcontent.api.tesco.com/v2/media/ghs/6d53756d-30cc-42bd-acfb-eae4231fb1d9/18159f39-182d-4852-ad77-dadb9753f6c9_689875462.jpeg","kaggle:crawlfeeds/tesco-uk-groceries-dataset"
"05060184244787","Lily's Kitchen Grain Free Variety 6X400g","LILY'S KITCHEN","2400G","Pets > Dog Food & Accessories > Wet Dog Food","https://digitalcontent.api.tesco.com/v2/media/ghs/91572229-1b93-45e9-bc95-7d98d76d723d/4ffff08c-b760-4836-9321-b31ec4922149_1048193698.jpeg","kaggle:crawlfeeds/tesco-uk-groceries-dataset"
"05000328015255","Walkers Max Strong Hot Sauce Blaze Crisps 6X27g","WALKERS MAX","162G","Food Cupboard > Crisps, Snacks, Nuts & Popcorn > Multipack Crisps & Snacks","https://digitalcontent.api.tesco.com/v2/media/ghs/cf5eda95-4578-4a65-9a10-330b9d75b88a/58598625-82db-452e-a693-6e0d18e42d44_1002388193.jpeg","kaggle:crawlfeeds/tesco-uk-groceries-dataset"
"05060040252017","Kiddylicious Smoothie Melts Mango 6G","KIDDYLICIOUS","6G","Baby > Baby & Toddler Food > Baby & Toddler Snacks","https://digitalcontent.api.tesco.com/v2/media/ghs/7e754adb-528b-49b7-b66f-a15d681ddd07/1198a659-40ba-4360-a72a-ec21fd7faed3_1519146101.jpeg","kaggle:crawlfeeds/tesco-uk-groceries-dataset"
"05000354914850","Loyd Grossman No Added Sugar Bolognese 350G","LOYD GROSSMAN","350G","Food Cupboard > Cooking Sauces, Meal Kits & Sides > Italian","https://digitalcontent.api.tesco.com/v2/media/ghs/db8cb9ae-72dd-48b9-af01-2ab645d32e7f/13862879-d1c3-40d1-86e0-0cfbb1b27fad_1520091793.jpeg","kaggle:crawlfeeds/tesco-uk-groceries-dataset"
"05059697716744","Tesco Fire Pit 2 Quarter Pounder Halloumi Burgers 228G","FIRE PIT","228G","Fresh Food > Cheese > Speciality & Continental Cheese","https://digitalcontent.api.tesco.com/v2/media/ghs/5239a52b-1fbe-4a3a-93f9-19710d54f981/8bda8b96-8dd1-4748-adef-f156d7d1d3d4_1655658762.jpeg","kaggle:crawlfeeds/tesco-uk-groceries-dataset"
"07613287238474","Milkybar White Chocolate Pouch 94G","MILKYBAR","94G","Food Cupboard > Chocolate, Sweets, Mints & Chewing Gum > Chocolate Pouches & Bags","https://digitalcontent.api.tesco.com/v2/media/ghs/c108291f-b231-4a9b-9925-ffaa02d1c2ec/a4ff965f-0a10-4571-a944-4813326ea9a3_266595950.jpeg","kaggle:crawlfeeds/tesco-uk-groceries-dataset"
"05057008607415","Tesco 2 Pack Bath Sheet White","TESCO HOME","","Home & Ents > Bathroom Accessories & Towels > Towels","https://digitalcontent.api.tesco.com/v2/media/ghs/a182554c-0ef5-4b5c-9f4b-4432595c7f4d/b8289400-8e51-4099-a5e7-2b984ae3187b_946594106.jpeg","kaggle:crawlfeeds/tesco-uk-groceries-dataset"
"05010234973501","Polylina Large Plastic Container With Lids 5 Pack","POLYLINA","","Household > Food Storage > Food Storage","https://digitalcontent.api.tesco.com/v2/media/ghs/240f0bec-1c69-4884-a9e7-796acfd8e59c/b0b2b8fe-056c-475a-8875-7de7d4d2d554_1140870378.jpeg","kaggle:crawlfeeds/tesco-uk-groceries-dataset"
"05010067338072","Billingtons Light Brown Sugar 500G","BILLINGTONS","500G","Food Cupboard > Home Baking & Sugar > Sugar","https://digitalcontent.api.tesco.com/v2/media/ghs/9f9b13e7-56fe-4c01-aae6-0334cb6ce81f/43b19ec2-ac84-40fc-b2b9-c0329a98d6da_283404513.jpeg","kaggle:crawlfeeds/tesco-uk-groceries-dataset"
"05000328329789","Walkers Wotsits Giants Prawn Cocktail Snacks 105G","WALKERS","105G","Food Cupboard > Crisps, Snacks, Nuts & Popcorn > Sharing Crisps & Snacks","https://digitalcontent.api.tesco.com/v2/media/ghs/8850f7c6-c5f0-4bcc-96ad-eae0cbd4162a/b5ae95d6-c82f-42e9-871b-f10e69aa495b_746248203.jpeg","kaggle:crawlfeeds/tesco-uk-groceries-dataset"
"09310297651894","Penfolds Koonunga Hill Chardonnay 75Cl","PENFOLDS","75CL","Drinks > Wine > White Wine","https://digitalcontent.api.tesco.com/v2/media/ghs/25dd663b-9930-4829-b9ae-728e805958a9/2d40e64a-2b5d-4934-8296-fd543617995f_1798015100.jpeg","kaggle:crawlfeeds/tesco-uk-groceries-dataset"
"05024121885303","Organix Melty Carrot Puffs 20G","ORGANIX","20G","Baby > Baby & Toddler Food > Baby & Toddler Snacks","https://digitalcontent.api.tesco.com/v2/media/ghs/37faaa53-c382-4210-af09-5b812178fd41/192796f1-1a1e-4ac8-9314-a99a093b2617_1689697328.jpeg","kaggle:crawlfeeds/tesco-uk-groceries-dataset"
"05022313000282","Tropicana Original Orange With Juicy Bits 900Ml","TROPICANA","900ML","Drinks > Juices & Smoothies > Fresh Juice","https://digitalcontent.api.tesco.com/v2/media/ghs/5f0282e6-69e3-4c72-b696-25c1f653375e/d705cba5-87b3-4091-9212-14fd090d33c1.jpeg","kaggle:crawlfeeds/tesco-uk-groceries-dataset"
"05060112548703","Natures Store Dark Chocolate Rice Cakes 100G","NATURES STORE","100G","Food Cupboard > Free From > Chocolate, Sweets & Bars","https://digitalcontent.api.tesco.com/v2/media/ghs/1bb9c52e-f651-4b07-9282-0f575c5d67d5/a76eb401-cfeb-451d-b6e6-2225499c597d_1322688586.jpeg","kaggle:crawlfeeds/tesco-uk-groceries-dataset"
"00000010011294","Jaffa Oranges Minimum 4 Pack","TESCO","","Fresh Food > Fresh Fruit > Oranges, Lemons & Citrus Fruit","https://digitalcontent.api.tesco.com/v2/media/ghs/a7d897fa-9985-4a48-8ee6-3713ee259014/143aae83-78de-4dce-9ba7-c27d13d3858b_1593483018.jpeg","kaggle:crawlfeeds/tesco-uk-groceries-dataset"
"05060132284360","Meridian 100% Almond Butter Smooth 470G","MERIDIAN","470G","Food Cupboard > Jams, Sweet & Savoury Spreads > Peanut & Nut Butter","https://digitalcontent.api.tesco.com/v2/media/ghs/4e2e1ad2-9b83-4fe7-8fc9-4ab7f86d856f/be7f219f-c663-4ea9-ab0e-843fde1de80b_848909353.jpeg","kaggle:crawlfeeds/tesco-uk-groceries-dataset"
"08410076481375","Old El Paso Taco Stand ‘N’ Stuff Paprika & Garlic Kit 312G","OLD EL PASO","312G","Food Cupboard > Cooking Sauces, Meal Kits & Sides > Meal Kits","https://digitalcontent.api.tesco.com/v2/media/ghs/5d1ba90f-8221-4b14-a0bd-2338adef7fcf/9e1ee65d-d6a2-4bb1-9899-0dfdbd5e4db6_1279471519.jpeg","kaggle:crawlfeeds/tesco-uk-groceries-dataset"
"05057967395484","Creamfields Strawberry Low Fat Yogurt 450G","CREAMFIELDS","450G","Fresh Food > Yoghurts > Flavoured Big Pot Yoghurt","https://digitalcontent.api.tesco.com/v2/media/ghs/b89216d2-0cac-4b0c-abe0-bebd2d3a51e8/91a1b1a6-d122-4b8e-a45e-bd17d60642d8.jpeg","kaggle:crawlfeeds/tesco-uk-groceries-dataset"
"00072417194719","The Skinny Cracker Co Sea Salt & Black Pepper Cracker 185G","THE SKNY CRKR CO","185G","Food Cupboard > Crackers & Crispbreads > Crackers for Cheese","https://digitalcontent.api.tesco.com/v2/media/ghs/bd0d9a9b-5393-49ab-a439-77a171c43ce3/02ccfe79-fdca-4382-bc79-a9d45c4c9636_112100467.jpeg","kaggle:crawlfeeds/tesco-uk-groceries-dataset"
"05901588066998","E.Wedel Aha! Sezamki Bar 27.2G","E.WEDEL","27.2G","Food Cupboard > World Foods > Polish","https://digitalcontent.api.tesco.com/v2/media/ghs/54bed535-d531-47ea-a335-401b03e32f16/21df5fbf-b75c-41e6-a9f3-db951aebcff2_2107496608.jpeg","kaggle:crawlfeeds/tesco-uk-groceries-dataset"
"05035251000207","Pakeeza Henna Very Low Fat Natural Yogurt 1Kg","PAKEEZA HENNA","1000G","Food Cupboard > World Foods > Indian & South Asian","https://digitalcontent.api.tesco.com/v2/media/ghs/a9464fc8-3e50-4b1a-8bc2-699f3f5d85f3/7b24e2cb-96c7-488e-83f3-728bceb930f6.jpeg","kaggle:crawlfeeds/tesco-uk-groceries-dataset"
"05060338920567","Get More Multivitamins Sparkling Lemon & Lime 1 Litre","GET MORE","1L","Drinks > Sports, Energy & Wellness Drinks > Wellbeing Drinks","https://digitalcontent.api.tesco.com/v2/media/ghs/42fb7d11-6a4e-44c1-929a-98774ce0b855/05e60540-6ffa-4273-933c-401e57411661_1800107543.jpeg","kaggle:crawlfeeds/tesco-uk-groceries-dataset"
"07501064193101","Corona 4X330ml","CORONA","1320ML","Drinks > Beer & Cider > Beer - Lager","https://digitalcontent.api.tesco.com/v2/media/ghs/bfa0c526-ec18-4585-98ab-b6460ddfa3ff/e3490177-f22d-46aa-a65d-47104a8fa74c.jpeg","kaggle:crawlfeeds/tesco-uk-groceries-dataset"
"05000165369078","Pilgrims Choice Mature Cheddar 550G","PILGRIMS CHOICE","550G","Fresh Food > Cheese > Cheddar Cheese","https://digitalcontent.api.tesco.com/v2/media/ghs/d59f57b8-39b7-4b24-894e-9b15b1f414b5/4e02ac56-d088-42b5-9b08-da6e4d5c359c_275398512.jpeg","kaggle:crawlfeeds/tesco-uk-groceries-dataset"
"05010775199583","Nomo Free From Chocolate Bar 38G","NOMO","38G","Food Cupboard > Free From > Chocolate, Sweets & Bars","https://digitalcontent.api.tesco.com/v2/media/ghs/10a047bd-924c-4779-9f49-9490446821cc/76b1bf8e-ff28-4167-ae7b-3c28374904d0_580160340.jpeg","kaggle:crawlfeeds/tesco-uk-groceries-dataset"
"05059697675881","Florence & Fred Striped Sage Green Chenille Blanket","FRED & FLO","","Baby > Toys & Nursery Accessories > Nursery Bedding","https://digitalcontent.api.tesco.com/v2/media/ghs/0f6b8092-cf6a-439b-9de0-59cf50580550/3f1509e8-0c7c-465b-a0bc-86cb625f2b44_1756640275.jpeg","kaggle:crawlfeeds/tesco-uk-groceries-dataset"
"05056025464964","Brewdog Alcohol Free Beer Mixed Pack 8X330ml","BREWDOG","2640ML","Drinks > Beer & Cider > Alcohol Free & Low Alcohol Beer & Cider","https://digitalcontent.api.tesco.com/v2/media/ghs/87055059-02cc-437b-9a80-0209a2e96b23/6599191d-a2f2-4a6f-9427-ca02b54b0724_1655489307.jpeg","kaggle:crawlfeeds/tesco-uk-groceries-dataset"
"05901784160469","Krakus Kielbasa Podsuszana 260G","KRAKUS","260G","Fresh Food > World Foods > Polish Food","https://digitalcontent.api.tesco.com/v2/media/ghs/1f1f4a16-86bc-49b5-9260-b9d6bd9777a2/1d9e0496-e2cc-485d-b4b8-3a1c84374978.jpeg","kaggle:crawlfeeds/tesco-uk-groceries-dataset"
"05052910096562","Tesco Finest Unsmoked Drycure Back Bacon 8 Rashers 240G","TESCO FINEST","240G","Fresh Food > Fresh Meat & Poultry > Fresh Bacon & Gammon","https://digitalcontent.api.tesco.com/v2/media/ghs/38050dfd-2449-445d-9734-c9bacdd8bcab/b982d97f-d33a-425b-9620-60e9e889cb42.jpeg","kaggle:crawlfeeds/tesco-uk-groceries-dataset"
"05010326115901","Swantex Clear Plastic Chip & Dip Platter 30.5Cm Polypropylene","SWANTEX","","Home & Ents > Party & Giftwrap > Party Tableware","https://digitalcontent.api.tesco.com/v2/media/ghs/e32f94f7-7738-4d48-a0a8-918125d13196/657ade14-ce38-440c-bb27-9352f65041e4_799039787.jpeg","kaggle:crawlfeeds/tesco-uk-groceries-dataset"
"07613033583360","Maggi So Juicy Sticky Bbq For Chicken 47G","MAGGI","47G","Food Cupboard > Cooking Ingredients > Packet Sauces, Mixes & Cook in a Bag","https://digitalcontent.api.tesco.com/v2/media/ghs/1515c5a5-4716-4d91-a24d-9394607dbd01/74446b99-4b01-440a-bbb1-f22182318c50.jpeg","kaggle:crawlfeeds/tesco-uk-groceries-dataset"
"05051594001930","Cow & Gate 4 Toddler Formula Milk Powder 2+ Years 800G","COW & GATE","800G","Baby > Baby & Toddler Milk > Growing Up Baby Milk From 12 Months","https://digitalcontent.api.tesco.com/v2/media/ghs/52db39e5-74fb-44f8-a9bc-af5bbc2a4852/a065943b-4bd8-4922-957c-e0866c52d156_2050276761.jpeg","kaggle:crawlfeeds/tesco-uk-groceries-dataset"
"05055964777289","Paladone Lump Of Coal Bath Bomb","PALADONE","","Home & Ents > Christmas Gifts > Stocking Fillers","https://digitalcontent.api.tesco.com/v2/media/ghs/90fdf6de-f37a-41a9-9f72-1250cf2090cb/2f6058fc-3848-48ef-b73c-ba30a6fc28a1_431843054.jpeg","kaggle:crawlfeeds/tesco-uk-groceries-dataset"
"05010338200084","Blue Dragon Sweet Chilli & Garlic Stir Fry Sauce 120G","BLUE DRAGON","120G","Food Cupboard > Cooking Sauces, Meal Kits & Sides > Chinese","https://digitalcontent.api.tesco.com/v2/media/ghs/59cd6c4c-7e7e-42d4-bb43-21596d7052b4/63c8f79c-9e16-4d84-9272-e047ef5f2469_1200124946.jpeg","kaggle:crawlfeeds/tesco-uk-groceries-dataset"
"05052715134957","Watercolour Cup 10 Pack","TALKING TABLES","","Home & Ents > Party & Giftwrap > Party Tableware","https://digitalcontent.api.tesco.com/v2/media/ghs/24030f55-9bbc-455e-a0c4-276183616374/7fb7bc56-cffc-46a4-bea9-3b53fe44ff50_435854293.jpeg","kaggle:crawlfeeds/tesco-uk-groceries-dataset"
"05060108297196","Groov-E Iphone 14 Folio Wallet Case","GROOV-E","","Home & Ents > Electrical > Mobile Phone Accessories","https://digitalcontent.api.tesco.com/v2/media/ghs/618dd3d2-d853-4d53-b85a-2a50fe7fd866/ecb2f7d1-2203-4908-b9df-9afd8ac1eeda_1366958483.jpeg","kaggle:crawlfeeds/tesco-uk-groceries-dataset"
"07613287548184","Mezeast Pomegranate Sauce 170Ml","MEZEAST","170ML","Food Cupboard > Cooking Sauces, Meal Kits & Sides > Middle Eastern","https://digitalcontent.api.tesco.com/v2/media/ghs/acaa1417-0c3f-4191-9860-6eaa645bbdc4/37afd21d-bbbf-4524-b177-b5cbdfa530f7_1639584627.jpeg","kaggle:crawlfeeds/tesco-uk-groceries-dataset"
"05000354923234","Bisto Rosemary & Garlic Crispy Potato Seasoning 60G","BISTO","60G","Food Cupboard > Cooking Ingredients > Seasoning, Herbs & Spices","https://digitalcontent.api.tesco.com/v2/media/ghs/d520fc04-7c0a-404a-a41d-fd7b2ffeebe5/dd2e3d79-9bc4-4e13-96ce-3cd513ebcea3_201349564.jpeg","kaggle:crawlfeeds/tesco-uk-groceries-dataset"
"05000394203969","Duracell Speciality MN21 2 Pack","DURACELL","","Home & Ents > Batteries > Specialist Batteries","https://digitalcontent.api.tesco.com/v2/media/ghs/f482e666-c9c7-462c-a54a-eb74233569ce/50f29dcf-0532-4a91-b3fd-b922d59c81c7_384093574.jpeg","kaggle:crawlfeeds/tesco-uk-groceries-dataset"
"05057545619377","Tesco Trebbiano Pinot Grigio Wine Box 2.25L","TESCO","225CL","Drinks > Wine > Boxed Wine","https://digitalcontent.api.tesco.com/v2/media/ghs/cdd78c2f-50df-455b-9253-f174f010c9f5/9edecf98-80ea-4633-bb99-22354a573914_720156193.jpeg","kaggle:crawlfeeds/tesco-uk-groceries-dataset"
"05010314303556","Highland Park 10 Year Old Single Malt Whisky 700Ml","HIGHLAND PARK","700ML","Drinks > Spirits > Whisky","https://digitalcontent.api.tesco.com/v2/media/ghs/735a2bc2-eac3-42d8-9314-66ee265f82cb/9884d1a0-1e8b-4019-b85d-144e580125bb_773453908.jpeg","kaggle:crawlfeeds/tesco-uk-groceries-dataset"
"05000119007247","Tesco Ready Salted Crisps 6X25g","TESCO","150G","Food Cupboard > Crisps, Snacks, Nuts & Popcorn > Multipack Crisps & Snacks","https://digitalcontent.api.tesco.com/v2/media/ghs/7069f53f-1e18-4d83-bff4-171ec842be94/14de6b93-e38e-4f3f-a749-65659bbddd22_209248548.jpeg","kaggle:crawlfeeds/tesco-uk-groceries-dataset"
"05059944600208","Tesco Apothecary Tin Candle Eucalyptus & Pine Needles 170G","TESCO HOME","170G","Home & Ents > Home Accessories > Candles","https://digitalcontent.api.tesco.com/v2/media/ghs/eacfe109-7f07-4186-bde2-b2dabf257817/32f63b7e-bcac-4b34-8c62-97a95de459b8_1645274273.jpeg","kaggle:crawlfeeds/tesco-uk-groceries-dataset"
"05052320699032","Tesco No Added Sugar Hi Juice Orange/Mango & Passion Fruit 1Ltr","TESCO","1000ML","Drinks > Squash & Cordial > High Juice","https://digitalcontent.api.tesco.com/v2/media/ghs/89a4d073-87ce-44e3-92c9-667ef998ac6c/186caeb2-6310-44c3-bdb7-15e11ff2995f_1847613265.jpeg","kaggle:crawlfeeds/tesco-uk-groceries-dataset"
"05010777149241","Salter Clear Panel Analyser","SALTER","","Home & Ents > Bathroom Accessories & Towels > Bathroom Accessories","https://digitalcontent.api.tesco.com/v2/media/ghs/b9dfde80-953a-4989-88d0-c31c0464534d/9a4be5fc-27d6-43e4-8d47-000e78b2b9c2_418146303.jpeg","kaggle:crawlfeeds/tesco-uk-groceries-dataset"
"05060108295529","Groov-e iPhone 11 Pro Glass Screen Protector","RASHMIAN LTD","","Home & Ents > Electrical > Mobile Phone Accessories","https://digitalcontent.api.tesco.com/v2/media/ghs/aa7cc359-9959-43fe-95e9-e212facd3e41/5627031c-0ef6-4bd9-b8b2-125883d10d17_40672162.jpeg","kaggle:crawlfeeds/tesco-uk-groceries-dataset"
"05011417569559","Dettol Surface Cleanser Wipes 72S","DETTOL","72SHT","Household > Cleaning > Cleaning & Antibacterial Wipes","https://digitalcontent.api.tesco.com/v2/media/ghs/0a590d92-3944-4e12-af45-cdf4ff5dbf63/079e8ad7-3f1e-4693-b935-f6d688581782_813666829.jpeg","kaggle:crawlfeeds/tesco-uk-groceries-dataset"
"05056499911001","Mini Pancakes Pan Set With Nutella","BLUE TREE","","Home & Ents > Christmas Gifts > Food & Drink Gifts","https://digitalcontent.api.tesco.com/v2/media/ghs/4de332ac-a93f-4440-b2bd-a97e887ccc4f/1653e5ce-9feb-4537-9cf2-9fd948249f64_1257087952.jpeg","kaggle:crawlfeeds/tesco-uk-groceries-dataset"
"04000539395642","Lindt Master Chocolatier Collection 320G","LINDT","320G","Food Cupboard > Chocolate, Sweets, Mints & Chewing Gum > Chocolate Boxes & Gifts","https://digitalcontent.api.tesco.com/v2/media/ghs/25c91263-b24e-4ec1-ad27-df3ab7b864f0/40e994ff-44d7-42eb-9901-62996332fd43_1219943742.jpeg","kaggle:crawlfeeds/tesco-uk-groceries-dataset"
"00630996415009","Texture Dino Gold S2 Hunters","SUPPLIER","","Home & Ents > Toys & Games > Action Toys & Figures","https://digitalcontent.api.tesco.com/v2/media/ghs/8829e523-7197-4c1a-a580-832075f1bba1/aa8f13c6-1002-43e3-adce-1d8b6606a5fb_653300830.jpeg","kaggle:crawlfeeds/tesco-uk-groceries-dataset"
"05065000523923","Pukka Organic 20 Lemongrass & Ginger Tea Bags 36G","PUKKA HERBAL AYURVEDA","36G","Drinks > Tea > Fruit & Herbal Tea Bags","https://digitalcontent.api.tesco.com/v2/media/ghs/230eec0b-8ccc-40b9-8813-8263fbb1df73/89ded81a-879d-4438-bfeb-267e464891c8_446908937.jpeg","kaggle:crawlfeeds/tesco-uk-groceries-dataset"
"08710447459270","Radox Muscle Relax Bath Salts 900G","RADOX","900G","Health & Beauty > Shower, Bath & Hand Hygiene > Bath","https://digitalcontent.api.tesco.com/v2/media/ghs/b2d2e63d-075f-4f0d-8353-805491675cd6/284ff16b-e201-468f-a7f6-5424d3af311d_134877421.jpeg","kaggle:crawlfeeds/tesco-uk-groceries-dataset"
"07613037204797","Starbucks Blonde Espresso Coffee Beans 450G","STARBUCKS","450G","Drinks > Coffee > Coffee Beans","https://digitalcontent.api.tesco.com/v2/media/ghs/f2fd7397-91ad-448d-90a9-71bd5e273efd/fcef877c-0090-4dc2-bc4b-0664f2086357_1826646232.jpeg","kaggle:crawlfeeds/tesco-uk-groceries-dataset"
"05057753914387","Tesco Finest 4 Smoked Bacon & Vintage Cheddar Rolls 188G","TESCO FINEST","188G","Fresh Food > Pies, Pasties, Quiches & Snacking > Sausage Rolls, Pasties & Slices","https://digitalcontent.api.tesco.com/v2/media/ghs/3ea0cf11-0276-46e8-aa94-e59f140bc524/35c98bb6-0035-497d-b647-eef6aac847da.jpeg","kaggle:crawlfeeds/tesco-uk-groceries-dataset"
"05059512739255","Tesco Finest Berry & Cherry Museli 500G","TESCO FINEST","500G","Food Cupboard > Cereals > Muesli","https://digitalcontent.api.tesco.com/v2/media/ghs/fc952280-69e7-4c42-a908-2339e3dff638/8a7506c1-a70d-4cc1-b3a7-72ecb4dde048_2090966218.jpeg","kaggle:crawlfeeds/tesco-uk-groceries-dataset"
"08006540230886","Oral-B 3D Whitening Power Fresh Toothpaste 70Ml","ORAL-B","70ML","Health & Beauty > Toothpaste, Mouthwash & Toothbrush > Toothpaste","https://digitalcontent.api.tesco.com/v2/media/ghs/046ffef3-aa08-44bc-aacf-6dcf654dced3/fe5c3cc8-e4d2-4043-8669-f49d95474e02_1898333780.jpeg","kaggle:crawlfeeds/tesco-uk-groceries-dataset"
"05060342470225","Shaken Udder Salted Caramel Milkshake 330Ml","SHAKEN UDDER","330ML","Fresh Food > Milk, Butter & Eggs > Milkshakes & Iced Coffee","https://digitalcontent.api.tesco.com/v2/media/ghs/306553ad-72d9-4b15-a965-a5e850b27f17/435a74e2-67ec-4e8f-933f-0213d1827016.jpeg","kaggle:crawlfeeds/tesco-uk-groceries-dataset"
"00000059025603","E.Wedel Pawelek Milk Chocolate Bar With Creamy Filling 45G","E.WEDEL","45G","Food Cupboard > World Foods > Polish","https://digitalcontent.api.tesco.com/v2/media/ghs/207bb6c7-4a9b-46a6-9783-8669e292b1b5/cba83f02-aed2-4d59-a280-f97e8fec859e_631127709.jpeg","kaggle:crawlfeeds/tesco-uk-groceries-dataset"
"05052109944421","Tesco Persimmons Minimum 3 Pack","TESCO","","Fresh Food > Fresh Fruit > Mango, Kiwi & Exotic Fruit","https://digitalcontent.api.tesco.com/v2/media/ghs/2890bdbb-d2bb-4970-8dd3-6484f28a2517/e60cb223-f2cf-4858-b80c-393ce35d62a4.jpeg","kaggle:crawlfeeds/tesco-uk-groceries-dataset"
"05000354917363","Sharwoods Stir Fry Sauce 30% Less Sugar Sweet Chilli Garlic 120G","SHARWOODS","120G","Food Cupboard > Cooking Sauces, Meal Kits & Sides > Chinese","https://digitalcontent.api.tesco.com/v2/media/ghs/ec97b1d5-6f66-4ce4-903a-ea9d15c47305/87bb1587-ed71-4f05-aed1-1cee9cd98018_1866634900.jpeg","kaggle:crawlfeeds/tesco-uk-groceries-dataset"
"05998749120804","Pedigree Denta Tubo Puppy Dog Treat 3 Stick 72G","PEDIGREE","72G","Pets > Dog Food & Accessories > Puppy Food (0-12 Months)","https://digitalcontent.api.tesco.com/v2/media/ghs/2b839311-c211-4d35-ae10-6bc8d77d3cbf/eeb64994-6c59-42e4-b52c-be457b421c0d.jpeg","kaggle:crawlfeeds/tesco-uk-groceries-dataset"
"05059512998867","Tesco Plastic Measuring Jug 2L","TESCO HOME","","Home & Ents > Cooking & Dining > Food Preparation","https://digitalcontent.api.tesco.com/v2/media/ghs/1016bb38-92ba-4e98-8583-5527010ffe28/513bc7a4-8d9e-499e-a6ae-77e92dc8107e_1314677806.jpeg","kaggle:crawlfeeds/tesco-uk-groceries-dataset"
"05010044009391","Warburtons Gluten Free 4 Soft Brioche Rolls","WARBURTONS","","Bakery > Free From Bakery > Rolls, Buns & Ciabatta","https://digitalcontent.api.tesco.com/v2/media/ghs/bf1f5ab8-3fb2-40d6-b9de-21320239f6a8/0c457971-04b8-4be8-83eb-2f5b318af690.jpeg","kaggle:crawlfeeds/tesco-uk-groceries-dataset"
"05059512870514","Tesco 100 Cotton Low Twist Hand Towel Black","TESCO HOME","","Home & Ents > Bathroom Accessories & Towels > Towels","https://digitalcontent.api.tesco.com/v2/media/ghs/abb253d4-b7d4-4d0c-ae25-4a44936645ff/a5a71e10-8bc0-4322-b68f-24ea8701acda_1986014804.jpeg","kaggle:crawlfeeds/tesco-uk-groceries-dataset"
"05054402022332","Tesco 5W40 Fully Synthetic Oil 4L","TESCO AUTO","4L","Home & Ents > DIY & Car Care > Car Care","https://digitalcontent.api.tesco.com/v2/media/ghs/dc651d09-17d6-4d80-b501-121c21e2b6d1/10e45411-32ba-41d3-81ed-48317731fd8a_1842727052.jpeg","kaggle:crawlfeeds/tesco-uk-groceries-dataset"
"07613287579706","Smarties Milk Chocolate Giant Tube 120G","SMARTIES","120G","Food Cupboard > Christmas Treats > Stocking Fillers","https://digitalcontent.api.tesco.com/v2/media/ghs/fe97dfcb-3440-4773-a9a4-7a5b0195a8a2/200ddc5c-28a4-4835-aeaa-7c74f78289aa_2117312093.jpeg","kaggle:crawlfeeds/tesco-uk-groceries-dataset"
"04251097415741","Peperami Roasted Chicken Bites 50G","PEPERAMI","50G","Fresh Food > Pies, Pasties, Quiches & Snacking > Meat Snacking","https://digitalcontent.api.tesco.com/v2/media/ghs/af975ca7-13c2-4f5b-b2dc-04735f1cd3fb/3a7b2bc8-6edd-4967-bebd-b847b474691c.jpeg","kaggle:crawlfeeds/tesco-uk-groceries-dataset"
"00000010034170","Tesco Chestnuts 400G","TESCO","400G","Fresh Food > Fresh Fruit > Dried Fruit, Nuts & Seeds","https://digitalcontent.api.tesco.com/v2/media/ghs/07d866c7-ee10-4d00-8cb9-60b5eab8ddcc/29110119-da83-4b86-8370-2d31cb4d96dc_1382198701.jpeg","kaggle:crawlfeeds/tesco-uk-groceries-dataset"
"05056297226031","Professor Puzzle Zodiac & Milky Way Jigsaw","PROFESSOR PUZZLE","","Home & Ents > Christmas Gifts > Games & Puzzles","https://digitalcontent.api.tesco.com/v2/media/ghs/1ad96eae-8ff3-4b15-b4f6-d9b1efb55350/2204932b-764a-4439-ba4b-b98d4df1d59b_67990271.jpeg","kaggle:crawlfeeds/tesco-uk-groceries-dataset"
"05059316893252","Tesco Tassel Trim Duvet Set Double","TESCO HOME","","Home & Ents > Bedding > Duvet Covers","https://digitalcontent.api.tesco.com/v2/media/ghs/279fe552-b0c6-4003-a1a0-acfd16996818/a52b0d02-f5c1-4db1-8d68-263234470427_549398734.jpeg","kaggle:crawlfeeds/tesco-uk-groceries-dataset"
"07394376665189","Oatly Oat Drink Chocolate Deluxe I Litre","OATLY","1L","Fresh Food > Dairy Free & Dairy Alternatives > Dairy Free Drinks","https://digitalcontent.api.tesco.com/v2/media/ghs/4c9f1fc7-0bf1-4b39-a9d5-c6cddfe417fb/dcaa32ec-f47a-45eb-be0a-c7dd1b81d330_1799870790.jpeg","kaggle:crawlfeeds/tesco-uk-groceries-dataset"
"05059944049250","Tesco Space Table Cover","TESCO CELEBRATE","","Home & Ents > Party & Giftwrap > Party Tableware","https://digitalcontent.api.tesco.com/v2/media/ghs/5267787f-71f2-4eb1-971a-f58258f21c20/f3cd32dc-c6ed-4df1-be96-4f38c374e648_439551313.jpeg","kaggle:crawlfeeds/tesco-uk-groceries-dataset"
"08006805232020","La Gioiosa Prosecco Rose Millesimato 75Cl","LA GIOIOSA","75CL","Drinks > Wine > Prosecco, Champagne & Sparkling Wine","https://digitalcontent.api.tesco.com/v2/media/ghs/788c9fef-e635-4b11-af9c-a8f1a22abc03/d532b154-3e49-42d5-b2bc-f325cbc2c552_901361653.jpeg","kaggle:crawlfeeds/tesco-uk-groceries-dataset"
"05059697852541","Hinch Relaxed Tufted Cushion Small - White","HINCH","","Home & Ents > Home Accessories > Cushions & Throws","https://digitalcontent.api.tesco.com/v2/media/ghs/f3a14346-ce39-47d5-a3be-76ba69bf9936/78f89d1a-4c73-40cd-bf47-aeb5079279e1_1513535780.jpeg","kaggle:crawlfeeds/tesco-uk-groceries-dataset"
"08720181007538","Persil Biological Liquid Laundry Detergent 38 Washes 1026Ml","PERSIL","1026ML","Household > Laundry > Washing Liquid & Gel","https://digitalcontent.api.tesco.com/v2/media/ghs/10f907a2-58e3-4e5e-a712-7ae45e249c11/7f9eb4a6-bc07-47dd-bc95-e70d50f5d962_941414379.jpeg","kaggle:crawlfeeds/tesco-uk-groceries-dataset"
"04027800108107","Wilkinson Sword Quattro For Women Disposable 3S","WILKINSON SWORD","","Health & Beauty > Women's Toiletries > Hair Removal","https://digitalcontent.api.tesco.com/v2/media/ghs/8d237155-d713-46c3-ba71-4ee94451a794/02ada11e-250f-42a7-a29f-a61009e739ba_1560152601.jpeg","kaggle:crawlfeeds/tesco-uk-groceries-dataset"
"05059697260483","Wicked Kitchen Alternative To Smoked Gouda Style Flavour Slices 200G","WICKED KITCHEN","200G","Fresh Food > Dairy Free & Dairy Alternatives > Dairy Free Cheese Alternatives","https://digitalcontent.api.tesco.com/v2/media/ghs/a924e1a4-8687-4cc2-b3b7-b5436fbdc8ea/b0cded54-85a6-4039-b9f6-e523f58afac3_1899001273.jpeg","kaggle:crawlfeeds/tesco-uk-groceries-dataset"
"05059697778384","Tesco Reduced Fat 3 Houmous Stacker 180G","TESCO","180G","Fresh Food > Cooked Meats, Antipasti & Dips > Houmous & Dips","https://digitalcontent.api.tesco.com/v2/media/ghs/f0d3355a-cc7a-49fc-a7c9-4aab7e09c5a2/2e50f47b-6f94-4b63-8627-40b0e5466fe7.jpeg","kaggle:crawlfeeds/tesco-uk-groceries-dataset"
"05010029000016","Weetabix Cereal 24 Pack","WEETABIX","","Food Cupboard > Cereals > Wheat Cereal","https://digitalcontent.api.tesco.com/v2/media/ghs/a87c8eb9-61e4-4e41-9f90-7ee006f6fe75/06cf97ef-0de2-44d8-8370-2b37eb573656_191048924.jpeg","kaggle:crawlfeeds/tesco-uk-groceries-dataset"
"05059697258015","Tesco Finest Fig & Balsamic Chutney 210G","TESCO FINEST","210G","Food Cupboard > Table Sauces, Olives, Pickles & Chutney > Chutneys, Relishes & Pickles","https://digitalcontent.api.tesco.com/v2/media/ghs/89ac6be8-7569-4ea8-b256-44a5a9171427/99033ca1-518d-4c9e-966c-036c0f90218f_2042164028.jpeg","kaggle:crawlfeeds/tesco-uk-groceries-dataset"
"05060021927200","Seachill Cooked& Peeled King Prawns 150G","ICELANDIC SEACHILL","150G","Fresh Food > Chilled Fish & Seafood > Prawns & Seafood","https://digitalcontent.api.tesco.com/v2/media/ghs/bfb391a5-2d48-4049-9bf6-aa06a6d16426/e2c5c99b-a078-433a-b1cc-298e76854d90.jpeg","kaggle:crawlfeeds/tesco-uk-groceries-dataset"
"05035272939784","Yo! Chicken Poke 326G","YO!","326G","Fresh Food > Chilled Soup, Sandwiches & Salad Pots > Sandwiches, Wraps & Sushi","https://digitalcontent.api.tesco.com/v2/media/ghs/5fa88d00-3435-44b9-ae86-5a2978f2a00c/94e5a0de-2bb0-4795-b362-946e5169c4ee.jpeg","kaggle:crawlfeeds/tesco-uk-groceries-dataset"
"08720181006395","Persil Colour Protect Liquid Detergent 53 Washes 1431Ml","PERSIL","1431ML","Household > Laundry > Washing Liquid & Gel","https://digitalcontent.api.tesco.com/v2/media/ghs/fd170782-1bc0-468d-9754-59af0d97bf25/79219d45-65e0-4eb7-9cd8-fb7022e58786_2067159006.jpeg","kaggle:crawlfeeds/tesco-uk-groceries-dataset"
"08710847959318","Simple Instant Glow Cleansing Wipes X20","SIMPLE","20SHT","Health & Beauty > Face Skincare > Face Wipes","https://digitalcontent.api.tesco.com/v2/media/ghs/7b4b1637-2a13-419e-ace3-21bd4911ed83/58732d63-372b-4f20-a2a0-88dd04f573fc_395122077.jpeg","kaggle:crawlfeeds/tesco-uk-groceries-dataset"
"05060216565149","Haliborange Happy Tummies 30 Strawberry Softies","HALIBORANGE","","Health & Beauty > Vitamins, Minerals & Supplements > Kids Vitamins","https://digitalcontent.api.tesco.com/v2/media/ghs/809f5e67-d456-494b-927d-f33517338271/f4448b3d-fa2c-4f79-bcca-a53a428052ae_1418439825.jpeg","kaggle:crawlfeeds/tesco-uk-groceries-dataset"
"05051790744518","Tesco Blue Candy Stripe 12 Candles & Holder","TESCO CELEBRATE","","Home & Ents > Party & Giftwrap > Birthday Candles","https://digitalcontent.api.tesco.com/v2/media/ghs/1e00d8e3-dacb-444b-ab9a-b1daff5787a3/d88bab27-2f46-4beb-ac3f-0fe6a5c5941d_1292352642.jpeg","kaggle:crawlfeeds/tesco-uk-groceries-dataset"
"05010134919159","Turner Road Reserve White Zinfandel 750Ml","TURNER ROAD","750ML","Drinks > Wine > Rose Wine","https://digitalcontent.api.tesco.com/v2/media/ghs/fecf1838-203f-47b6-bbf1-412c6ea7e667/30ab7248-e337-4661-ba5c-f8142eb315ee_568987008.jpeg","kaggle:crawlfeeds/tesco-uk-groceries-dataset"
"05060184240017","Lily's Kitchen Slow Cooked Lamb Hotpot 400G","LILY'S KITCHEN","400G","Pets > Dog Food & Accessories > Wet Dog Food","https://digitalcontent.api.tesco.com/v2/media/ghs/a8ed0c2d-6242-42c7-858c-9c128909449f/97693993-d08b-49f0-9411-0539a990488d_1882964727.jpeg","kaggle:crawlfeeds/tesco-uk-groceries-dataset"
"05060139435871","Bear Yoyo Strawberry 3X20g","BEAR","60G","Food Cupboard > Dried Fruit, Nuts, Nutrient Powders & Seeds > Dried Fruit","https://digitalcontent.api.tesco.com/v2/media/ghs/61f06d49-9a0e-499d-9dee-63e63011110a/06c15237-ff8e-46cf-8246-8d68ccb3b526_490609272.jpeg","kaggle:crawlfeeds/tesco-uk-groceries-dataset"
"07622201428723","Cadbury Timeout Wafer Biscuits 6 X 20.2G","CADBURY","121.2G","Food Cupboard > Biscuits & Cereal Bars > Chocolate Biscuit Bars & Mini Biscuits","https://digitalcontent.api.tesco.com/v2/media/ghs/7164f5ea-dccb-420a-994b-58f8c00a6c24/45cd796f-fa35-4e9f-b8ca-de08f830c668_1018343944.jpeg","kaggle:crawlfeeds/tesco-uk-groceries-dataset"
"03574661091020","Listerine Advanced Defence Gum Mouthwash 500Ml","LISTERINE","500ML","Health & Beauty > Toothpaste, Mouthwash & Toothbrush > Mouthwash","https://digitalcontent.api.tesco.com/v2/media/ghs/d3eed0a2-118b-4ac9-a20b-b43e1fc1112d/e2c04f55-7a66-4295-8513-2c45a65f307d_449161024.jpeg","kaggle:crawlfeeds/tesco-uk-groceries-dataset"
"05057545985373","Stockwell & Co. Soft Spread 500G","STOCKWELL CO","500G","Fresh Food > Milk, Butter & Eggs > Butter, Spreads & Margarine","https://digitalcontent.api.tesco.com/v2/media/ghs/d5ef9ec5-8479-4ea3-9c57-a9e2169f5b35/87f44690-e615-4631-90fb-f791bcc3bc69.jpeg","kaggle:crawlfeeds/tesco-uk-groceries-dataset"
"05059697265310","Tesco Pvc - Free Cling Film 25M X 350Mm","TESCO","25M","Household > Food Storage > Cling Film","https://digitalcontent.api.tesco.com/v2/media/ghs/4a21cade-35af-486f-9af6-b86ce3736e6f/a7289862-a5a8-42c0-b89a-11a42ae94137_1066527142.jpeg","kaggle:crawlfeeds/tesco-uk-groceries-dataset"
"00000050436767","Tesco Chicken Salad Sandwich","TESCO","","Fresh Food > Chilled Soup, Sandwiches & Salad Pots > Sandwiches, Wraps & Sushi","https://digitalcontent.api.tesco.com/v2/media/ghs/e1addfc7-c0fc-4020-965f-31a272e027d5/087a6499-6cd9-4874-820e-512abac21879.jpeg","kaggle:crawlfeeds/tesco-uk-groceries-dataset"
"08718951397255","Colgate Sensitive Enamel Repair Toothpaste 20Ml","COLGATE","20ML","Health & Beauty > Suncare & Travel > Travel Toiletries","https://digitalcontent.api.tesco.com/v2/media/ghs/783afa11-906a-4d97-afb4-4d3587459c92/687addee-bb88-4419-bdf6-bb8987321906_1074803186.jpeg","kaggle:crawlfeeds/tesco-uk-groceries-dataset"
"05054269079982","Tesco Thai Hom Mali Aaa Jasmine Fragrant Rice 5Kg","TESCO","5KG","Food Cupboard > World Foods > African & Caribbean","https://digitalcontent.api.tesco.com/v2/media/ghs/ca5ad719-60fd-432e-8944-cc7813b17c5f/snapshotimagehandler_568356459.jpeg","kaggle:crawlfeeds/tesco-uk-groceries-dataset"
"05000239087044","Good Boy Wagtastic Squeaky Dumbell","WAGTASTIC","","Pets > Dog Food & Accessories > Dog Toys, Healthcare & Accessories","https://digitalcontent.api.tesco.com/v2/media/ghs/650426b8-0f13-45f2-b8a3-a92876d1baa3/4bb26f6c-5afc-4c4e-8a43-2ddde5fe4720_698282490.jpeg","kaggle:crawlfeeds/tesco-uk-groceries-dataset"
"05055192064144","Tommee Tippee Groclock Usb","TOMMEE TIPPEE","","Baby > Toys & Nursery Accessories > Nursery Bedding","https://digitalcontent.api.tesco.com/v2/media/ghs/964a89a6-6c73-4e9f-88bf-16986afaf959/37b403cb-ae55-4fd9-a430-deb05a510fc0_2073312881.jpeg","kaggle:crawlfeeds/tesco-uk-groceries-dataset"
"05060123606645","Lift Instant Lemon Flavour Tea 165G","LIFT","165G","Drinks > Tea > Fruit & Herbal Tea Bags","https://digitalcontent.api.tesco.com/v2/media/ghs/c22ae072-db8f-4820-8a3e-8c31b3ac356a/61893fe6-6b76-4cf1-bcb1-e7db7988b4e7_911227535.jpeg","kaggle:crawlfeeds/tesco-uk-groceries-dataset"
"05031153331876","Mexicana Extra Hot Cheddar 170G","MEXICANA","170G","Fresh Food > Counters > Counter - Cheese","https://digitalcontent.api.tesco.com/v2/media/ghs/3e3fa054-53a2-4212-a3d9-7dcfef498651/91904469-f31b-45ee-942e-f7b47ff255fe_695961016.jpeg","kaggle:crawlfeeds/tesco-uk-groceries-dataset"
"05000157076977","Heinz Cereal Creamy Oat Porridge 240G","HEINZ","0.24KG","Baby > Baby & Toddler Food > Stage 1 (4-6+ months)","https://digitalcontent.api.tesco.com/v2/media/ghs/5eb1a42d-e514-48a0-a734-03b0ff96961d/5dd45154-a99f-461b-90f2-baec5681d6e7_1009332058.jpeg","kaggle:crawlfeeds/tesco-uk-groceries-dataset"
"00000010045114","Tesco Sweetcorn Cobettes 4 Pack","TESCO","","Fresh Food > Fresh Vegetables > Peas, Beans, Sweetcorn & Asparagus","https://digitalcontent.api.tesco.com/v2/media/ghs/8feb0d78-6db4-48f4-ad12-88dea1d841d5/60452da2-7bf0-4733-958e-57182ddeb74a.jpeg","kaggle:crawlfeeds/tesco-uk-groceries-dataset"
"05059944603056","Tesco Matte Taupe Soap Dispenser","TESCO HOME","","Home & Ents > Bathroom Accessories & Towels > Bathroom Accessories","https://digitalcontent.api.tesco.com/v2/media/ghs/f8aa4a21-edad-407e-b240-4d8d54346210/0fa76b01-4eb8-45bc-ae4f-7b718566a646_682824292.jpeg","kaggle:crawlfeeds/tesco-uk-groceries-dataset"
"05012254060070","Vo5 Mega Hold Styling Gel 200Ml","VO5","200ML","Health & Beauty > Haircare & Styling > Hair Gel & Hair Wax","https://digitalcontent.api.tesco.com/v2/media/ghs/09f300f7-760d-4cdc-bd83-7e8d13b15c5b/d9f423fc-5e32-43b4-89de-2990c8cccbc1_1523670947.jpeg","kaggle:crawlfeeds/tesco-uk-groceries-dataset"
"05060054134064","Cawston Press Apple & Rhubarb Juice 1Ltr","CAWSTON PRESS","1000ML","Drinks > Juices & Smoothies > Long Life Juice","https://digitalcontent.api.tesco.com/v2/media/ghs/be549ff9-8735-4a9b-82ab-cf13e51563fe/6cdb3502-952b-4d11-b621-a1ea504c2a93_1304837491.jpeg","kaggle:crawlfeeds/tesco-uk-groceries-dataset"
"05000143906356","Silk Cut Silver Cigarettes 5X20pk","SILK CUT","","Home & Ents > Tobacco & Alternatives > Cigarettes","https://digitalcontent.api.tesco.com/v2/media/ghs/e7242eb6-5837-47d7-8455-79629eca2411/5e4c33a2-b219-4a7d-93e1-1b35f1f14f5d_641723968.jpeg","kaggle:crawlfeeds/tesco-uk-groceries-dataset"
"07316641813927","Oumph! Plant-Based Kebab Doner Style 280G","OUMPH","280G","Frozen Food > Frozen Vegetarian & Vegan > Frozen Vegan","https://digitalcontent.api.tesco.com/v2/media/ghs/b05db9f9-d5b7-41a0-99e9-243548223a2e/9e2bf572-4449-41ab-a985-cb2a5d5971b0.jpeg","kaggle:crawlfeeds/tesco-uk-groceries-dataset"
"05029053578330","Kleenex The Original Brand Tissues 2 Pack","KLEENEX","128SHT","Household > Facial Tissue & Hand Wipes > Box & Cube Tissues","https://digitalcontent.api.tesco.com/v2/media/ghs/ad3b6677-1a1a-44e6-bd6d-ca3f41aaceca/57558b17-3a9e-4729-83a2-d0bb421686ba_808191188.jpeg","kaggle:crawlfeeds/tesco-uk-groceries-dataset"
"05000119287052","Tesco Garibaldi Biscuits 200G","TESCO","200G","Food Cupboard > Biscuits & Cereal Bars > Everyday Biscuits","https://digitalcontent.api.tesco.com/v2/media/ghs/28d78e3f-619a-4eb5-a529-78d19cacc60f/b8034bd9-fab2-48b8-94ba-1c1420afb38e_681990551.jpeg","kaggle:crawlfeeds/tesco-uk-groceries-dataset"
"05011321594296","Herbal Essences Hello Hydration Shampoo 400Ml","HERBAL ESSENCES","400ML","Health & Beauty > Shampoo > Natural Shampoo","https://digitalcontent.api.tesco.com/v2/media/ghs/ad3f15b5-8fda-4248-adbc-086450a27516/cd6c5028-3784-43bd-a763-4d844dc0e322_2003817216.jpeg","kaggle:crawlfeeds/tesco-uk-groceries-dataset"
"05018095000947","Merchant Gourmet Whole Chestnuts 180G","MERCHANT GOURMET","180G","Food Cupboard > Cooking Ingredients > Gravy, Stuffing & Breadcrumbs","https://digitalcontent.api.tesco.com/v2/media/ghs/abac4e20-aeac-4c18-9856-359f631c6e9b/83278e9f-28e7-45d1-8e18-90a039811d78_369562854.jpeg","kaggle:crawlfeeds/tesco-uk-groceries-dataset"
"03800020472545","Kit Kat Chunky Caramel Snacksize 4 X 35G","KITKAT","140G","Food Cupboard > Chocolate, Sweets, Mints & Chewing Gum > Multipack Chocolate Bars","https://digitalcontent.api.tesco.com/v2/media/ghs/f1adb899-d468-4353-959b-703184fa9796/3177e491-a54f-441e-b61d-b46747766dbb_1490427023.jpeg","kaggle:crawlfeeds/tesco-uk-groceries-dataset"
"05060367181274","Pip & Nut Smooth Peanut Butter 300G","PIP & NUT","300G","Food Cupboard > Jams, Sweet & Savoury Spreads > Peanut & Nut Butter","https://digitalcontent.api.tesco.com/v2/media/ghs/76f30acf-5123-466f-a07c-436debc48c25/e8bff162-ed10-4b37-aece-a82ae1babccf_1046629247.jpeg","kaggle:crawlfeeds/tesco-uk-groceries-dataset"
"00194735035557","Thomas & Friends Push & Go Stunt Engines Assorted","THOMAS","","Baby > Toys & Nursery Accessories > Baby & Toddler Toys","https://digitalcontent.api.tesco.com/v2/media/ghs/e49c29c5-138b-41e0-9efa-f79f02584a14/f89c5f23-afbd-46f0-a2bb-eb426c1bc536_461234718.jpeg","kaggle:crawlfeeds/tesco-uk-groceries-dataset"
"05010388803501","Shloer Zero Calorie Sparkling White Grape 750Ml","SHLOER","750ML","Drinks > Adult Soft Drinks & Mixers > Adult Soft Drinks","https://digitalcontent.api.tesco.com/v2/media/ghs/bbbc0a77-25c7-4979-8da5-314184ca9420/ec14dea0-50a7-48a8-a8bf-1a18e5471e45_1817903564.jpeg","kaggle:crawlfeeds/tesco-uk-groceries-dataset"
"00000003310182","Tesco Organic Raspberries 150G","TESCO ORGANIC","150G","Fresh Food > Fresh Fruit > Berries & Cherries","https://digitalcontent.api.tesco.com/v2/media/ghs/5acb3730-99a6-4b85-8b5d-1ed35878c3fa/a9b66344-b4ec-4bcd-a508-2f3bc404ece0.jpeg","kaggle:crawlfeeds/tesco-uk-groceries-dataset"
"05060234986490","Cake Decor Christmas Red 10 Inch Cake Board Assorted","CAKE DECOR","","Food Cupboard > Home Baking & Sugar > Cake Decorating & Cases","https://digitalcontent.api.tesco.com/v2/media/ghs/91a2cd27-c399-4002-ba86-43c163809fca/ae8fa6ff-d99d-44a1-8562-a82a665aa9be_1867890673.jpeg","kaggle:crawlfeeds/tesco-uk-groceries-dataset"
"05060096612070","Oriel Mediterranean Rose 75Cl","ORIEL","75CL","Drinks > Wine > Rose Wine","https://digitalcontent.api.tesco.com/v2/media/ghs/4bfcd8a6-8ea9-444a-b145-bff9e0b534d6/ad9c9f6d-c40f-488f-aa6e-98107901b82b_276556054.jpeg","kaggle:crawlfeeds/tesco-uk-groceries-dataset"
"05057545757178","Tesco Finest Mango & Passion Fruit Mousse 100G","TESCO FINEST","100G","Fresh Food > Chilled Desserts > Mousse & Smooth Potted Desserts","https://digitalcontent.api.tesco.com/v2/media/ghs/9fd891f1-4817-469c-9cf6-f2fbbde374a6/eb3010c4-286a-4600-a8b9-1ec9d20899f0.jpeg","kaggle:crawlfeeds/tesco-uk-groceries-dataset"
"00000003013595","Tesco Chicken Paste 75G","TESCO","75G","Food Cupboard > Tins, Cans & Packets > Tinned Meat, Pies & Spreads","https://digitalcontent.api.tesco.com/v2/media/ghs/77236240-4e7b-47da-b7ac-05c789d2f2cd/d61cdb38-6d91-43e9-9f96-df22599e99a5_411865165.jpeg","kaggle:crawlfeeds/tesco-uk-groceries-dataset"
"03574661498478","Neutrogena Visibly Clear Blackhead Scrub 150Ml","NEUTROGENA","150ML","Health & Beauty > Face Skincare > Face Cleansing","https://digitalcontent.api.tesco.com/v2/media/ghs/d0fc85a4-11be-45d5-8391-5ee6146cbd9d/2d72a33f-a5e0-419a-8a92-fe69a6e513a3_1333185624.jpeg","kaggle:crawlfeeds/tesco-uk-groceries-dataset"
"05055263937568","Harry Potter Water Bottle","HARRY POTTER","","Home & Ents > Christmas Gifts > Film & TV Themed Gifts","https://digitalcontent.api.tesco.com/v2/media/ghs/97444d24-b18f-4a17-959a-6e7f13719cc1/7a4e2ac8-3968-4769-b569-fccbe9dd5d70_1833961661.jpeg","kaggle:crawlfeeds/tesco-uk-groceries-dataset"
"00000003239018","Tesco Large Stir Fry 570G","TESCO","570G","Fresh Food > Fresh Vegetables > Stir Fry Vegetables, Sauce & Noodles","https://digitalcontent.api.tesco.com/v2/media/ghs/147fdc74-bca7-4278-8519-a85054212447/b434a693-40b5-4b28-b4f0-cac328ccfcfd.jpeg","kaggle:crawlfeeds/tesco-uk-groceries-dataset"
"05059697401657","Ms. Molly's Vanilla Flavour Frosting 300G","MS MOLLYS","300G","Food Cupboard > Home Baking & Sugar > Icing & Marzipan","https://digitalcontent.api.tesco.com/v2/media/ghs/631309a6-dbef-403c-b4b0-d917abba7285/756e0e15-a8e9-4f42-94ee-9d0490c78de7_2137253833.jpeg","kaggle:crawlfeeds/tesco-uk-groceries-dataset"
"05000101508677","Carex Hygiene Antibacterial Wipes Biodegradable 15 Pack","CAREX","","Health & Beauty > Shower, Bath & Hand Hygiene > Hand Gel, Sanitiser & Wipes","https://digitalcontent.api.tesco.com/v2/media/ghs/158c9af6-2117-4a35-941d-67cd20338c82/5d8b74f2-69eb-4494-904b-1023032229ab_1154441977.jpeg","kaggle:crawlfeeds/tesco-uk-groceries-dataset"
"05013665101598","Kallo Organic Stock Cubes Mushroom 66G","KALLO","66G","Food Cupboard > Cooking Ingredients > Stock Cubes & Pots","https://digitalcontent.api.tesco.com/v2/media/ghs/bc596b7b-24cd-438b-9f49-667e833717e5/f55b4d28-caa6-429a-b19f-e4a651d8e612_635608934.jpeg","kaggle:crawlfeeds/tesco-uk-groceries-dataset"
"05011792001989","Butcher's Succulent Recipe Trays 4 X 150G","BUTCHERS","600G","Pets > Dog Food & Accessories > Wet Dog Food","https://digitalcontent.api.tesco.com/v2/media/ghs/ed4bbf2e-b45e-4f96-9f76-643c2516a84e/5b115fc2-582c-4b11-8ae3-8a047fb0501e_2101894248.jpeg","kaggle:crawlfeeds/tesco-uk-groceries-dataset"
"05060136750052","Teapigs Mao Feng Green Tea 15'S 37.5G","TEAPIGS","37.5G","Drinks > Tea > Green Tea Bags","https://digitalcontent.api.tesco.com/v2/media/ghs/d9a2f3bb-9217-4c45-bd2e-03bf1fffc212/d93430a7-2657-4e17-843c-314c03b67075_179534124.jpeg","kaggle:crawlfeeds/tesco-uk-groceries-dataset"
"05449000295842","Topo Chico Hard Seltzer Variety Pack 6X330ml","TOPO CHICO","1980ML","Drinks > Spirits > Ready to Drink Premixed Spirits & Cocktails","https://digitalcontent.api.tesco.com/v2/media/ghs/d82888bf-f178-4b59-99ea-73ee659c9601/7fb6078b-d582-4293-bac0-903e9de8e92a_1583501621.jpeg","kaggle:crawlfeeds/tesco-uk-groceries-dataset"
"05000354913693","Sharwoods Butter Chicken Cooking Sauce 420G","SHARWOODS","420G","Food Cupboard > Cooking Sauces, Meal Kits & Sides > Indian","https://digitalcontent.api.tesco.com/v2/media/ghs/59b5542c-40d7-4685-948b-c2abdbd9d6ba/58fa6328-0737-49c6-944b-a628579f4184_1214687245.jpeg","kaggle:crawlfeeds/tesco-uk-groceries-dataset"
"03520190931153","Master Lock 30Mm Solid Aluminium Padlock","SUPPLIER","","Home & Ents > DIY & Car Care > DIY","https://digitalcontent.api.tesco.com/v2/media/ghs/37650650-fd87-4c17-9ef6-b505ff0b1a82/c650c9ff-b388-41da-a715-4c525646f6e0_826190796.jpeg","kaggle:crawlfeeds/tesco-uk-groceries-dataset"
"05059697888342","Tesco Scented 30Ml Reed Diffuser Fig & Mulberry","TESCO HOME","30ML","Home & Ents > Home Accessories > Candles","https://digitalcontent.api.tesco.com/v2/media/ghs/17acf889-9cbc-41c1-9f7b-881d0a8c280b/82ac4405-c37d-45b1-ab39-a8a06dd73bd8_1756363744.jpeg","kaggle:crawlfeeds/tesco-uk-groceries-dataset"
"05059697704611","Tesco Free From Carbonara Sauce 485G","FREE FROM","485G","Food Cupboard > Free From > Table & Cooking Sauces","https://digitalcontent.api.tesco.com/v2/media/ghs/e299dbd4-d9a5-48e8-bbe7-922f38de46d3/e247cfd8-851d-4040-b20b-c0c33af5f0e3_640576326.jpeg","kaggle:crawlfeeds/tesco-uk-groceries-dataset"
"00000050020720","Swartz Jamaican Jerk Seasoning 51G Jar","SCHWARTZ","51G","Food Cupboard > Cooking Ingredients > Seasoning, Herbs & Spices","https://digitalcontent.api.tesco.com/v2/media/ghs/bf764aa9-8a73-4a28-a808-f4bea857fc29/9f3fafdb-e883-4452-a20e-432eef5de25f_271300488.jpeg","kaggle:crawlfeeds/tesco-uk-groceries-dataset"
"09312088004735","Wolf Blass Yellow Label Cabernet Sauvignon 187Ml","WOLF BLASS","187ML","Drinks > Wine > Small Wine Bottles & Cans","https://digitalcontent.api.tesco.com/v2/media/ghs/49c669a0-109b-403d-87f1-a6dbe74e3c66/b2497478-e6a6-4149-aeb2-c8abae56522f.jpeg","kaggle:crawlfeeds/tesco-uk-groceries-dataset"
"05059697402760","Tesco Finest Savoury Nibbles Selection 115G","TESCO FINEST","115G","Food Cupboard > Christmas Treats > Biscuits","https://digitalcontent.api.tesco.com/v2/media/ghs/f3da0f56-61ad-48a5-bc27-4a7fbc31b952/bf19b42d-7dc3-42c6-824e-3b212e38493c_183940900.jpeg","kaggle:crawlfeeds/tesco-uk-groceries-dataset"
"05410076514427","Aussie Colour Mate Shampoo 500Ml","AUSSIE","500ML","Health & Beauty > Shampoo > Colour Care & Purple Shampoo","https://digitalcontent.api.tesco.com/v2/media/ghs/212c198c-5699-4dfc-b19a-b6b4a1369b71/c66b484a-a025-4138-bf80-eb94d1195d1e_1580327628.jpeg","kaggle:crawlfeeds/tesco-uk-groceries-dataset"
"05022545070947","Bathtime Buddies Fun Sponge 3 Years Plus","BATHTIME BUDDIES","","Health & Beauty > Shower, Bath & Hand Hygiene > Bathroom Accessories","https://digitalcontent.api.tesco.com/v2/media/ghs/1b3ed78d-9d05-4777-989b-14fa8ca554db/c9b49df9-effe-44fe-af89-4d8cac0d2eff_241531575.jpeg","kaggle:crawlfeeds/tesco-uk-groceries-dataset"
"05011842110838","Bassetts Vitamins Man 30 Pack","BASSETTS","","Health & Beauty > Vitamins, Minerals & Supplements > Multivitamins & Supplements","https://digitalcontent.api.tesco.com/v2/media/ghs/d779a10d-81f6-4445-bfe1-b875d73bb309/494dc8cc-dd9c-416d-bdca-7376ba9a4cf7_872843989.jpeg","kaggle:crawlfeeds/tesco-uk-groceries-dataset"
